period,fill,run,quality,comment,IR (kHz),mu,/
LHC22a,7652,517035,,,,,/
LHC22a,7652,517037,,,,,/
LHC22a,7652,517039,,,,,/
LHC22a,7652,517040,,,,,/
LHC22a,7652,517041,,,,,/
LHC22a,7652,517043,,,,,/
LHC22a,7652,517044,,,,,/
LHC22a,7663,517120,,,,,/
LHC22a,7663,517121,,,,,/
LHC22a,7663,517124,,,,,/
LHC22a,7663,517132,,,,,/
LHC22a,7663,517136,,,,,/
LHC22a,7663,517140,,,,,/
LHC22a,7663,517141,,,,,/
LHC22a,7663,517142,,,,,/
LHC22a,7663,517143,,,,,/
LHC22a,7663,517144,,,,,/
LHC22a,7670,517205,,,,,/
LHC22a,7670,517214,,,,,/
LHC22a,7670,517216,,,,,/
LHC22a,7670,517218,,,,,/
LHC22a,7670,517219,,,,,/
LHC22a,7670,517220,,,,,/
LHC22a,7670,517222,,,,,/
LHC22a,7670,517224,,,,,/
LHC22c,7692,517616,,,,,/
LHC22c,7692,517618,,,,,/
LHC22c,7692,517619,,,,,/
LHC22c,7692,517620,,,,,/
LHC22c,7692,517622,,,,,/
LHC22c,7692,517623,,,,,/
LHC22c,7694,517676,,,,,/
LHC22c,7694,517677,,,,,/
LHC22c,7694,517678,,,,,/
LHC22c,7694,517679,,,,,/
LHC22c,7696,517684,,,,,/
LHC22c,7696,517685,,,,,/
LHC22c,7697,517689,,,,,/
LHC22c,7697,517690,,,,,/
LHC22c,7697,517692,,,,,/
LHC22c,7697,517693,,,,,/
LHC22c,7702,517735,,,,,/
LHC22c,7702,517736,,,,,/
LHC22c,7702,517737,,,,,/
LHC22c,7702,517748,,,,,/
LHC22c,7702,517750,,,,,/
LHC22c,7702,517751,,,,,/
LHC22c,7702,517753,,,,,/
LHC22c,7702,517758,,,,,/
LHC22c,7703,517767,,,,,/
LHC22d,7733,518538,bad,too many missing chips (error/fault),,,/
LHC22d,7733,518541,bad,too many missing chips (error/fault),,,/
LHC22d,7733,518542,bad,too many missing chips (error/fault),,,/
LHC22d,7733,518543,bad,too many missing chips (error/fault),,,/
LHC22d,7733,518546,bad,too many missing chips (error/fault),,,/
LHC22d,7733,518547,bad,too many missing chips (error/fault),,,/
LHC22e,7822,519037,bad,too many missing chips (error/fault),,,/
LHC22e,7822,519038,bad,too many missing chips (error/fault),,,/
LHC22e,7822,519041,bad,too many missing chips (error/fault),,,/
LHC22e,7822,519043,bad,too many missing chips (error/fault),,,/
LHC22e,7822,519045,bad,too many missing chips (error/fault),,,/
LHC22e,7876,519493,bad,too many missing chips (error/fault),,,/
LHC22e,7876,519496,bad,too many missing chips (error/fault),,,/
LHC22e,7876,519497,bad,too many missing chips (error/fault),,,/
LHC22e,7876,519498,bad,too many missing chips (error/fault),,,/
LHC22e,7876,519499,bad,too many missing chips (error/fault),,,/
LHC22e,7876,519502,bad,too many missing chips (error/fault),,,/
LHC22e,7876,519503,bad,too many missing chips (error/fault),,,/
LHC22e,7876,519504,bad,too many missing chips (error/fault),,,/
LHC22e,7876,519506,bad,too many missing chips (error/fault),,,/
LHC22e,7876,519507,bad,too many missing chips (error/fault),,,/
LHC22e,7895,519903,bad,too many missing chips (error/fault),,,/
LHC22e,7895,519904,bad,too many missing chips (error/fault),,,/
LHC22e,7895,519905,bad,too many missing chips (error/fault),,,/
LHC22e,7895,519906,bad,too many missing chips (error/fault),,,/
LHC22e,7895,519908,bad,too many missing chips (error/fault),,,/
LHC22e,7916,520099,bad,too many missing chips (error/fault),,,/
LHC22e,7916,520100,bad,too many missing chips (error/fault),,,/
LHC22f,7920,520143,,,,,/
LHC22f,7920,520144,,,,,/
LHC22f,7920,520145,,,,,/
LHC22f,7920,520147,,,,,/
LHC22f,7920,520150,,,,,/
LHC22f,7920,520151,,,,,/
LHC22f,7920,520152,,,,,/
LHC22f,7920,520156,,,,,/
LHC22f,7920,520160,,,,,/
LHC22f,7920,520163,,,,,/
LHC22f,7921,520175,,,,,/
LHC22f,7921,520177,,,,,/
LHC22f,7921,520178,,,,,/
LHC22f,7921,520180,,,,,/
LHC22f,7921,520187,,,,,/
LHC22f,7921,520200,,,,,/
LHC22f,7921,520204,,,,,/
LHC22f,7921,520210,,,,,/
LHC22f,7923,520259,,,,,/
LHC22f,7923,520265,,,,,/
LHC22f,7923,520271,,,,,/
LHC22f,7923,520282,,,,,/
LHC22f,7923,520283,,,,,/
LHC22f,7923,520288,,,,,/
LHC22f,7923,520290,,,,,/
LHC22f,7923,520294,,,,,/
LHC22f,7923,520296,,,,,/
LHC22f,7923,520297,,,,,/
LHC22f,7960,520471,,,,,/
LHC22f,7960,520472,,,,,/
LHC22f,7960,520473,,,,,/
LHC22g,7960,520474,,,,,/
LHC22g,7960,520475,,,,,/
LHC22g,7960,520477,,,,,/
LHC22h,7963,520495,,,,,/
LHC22h,7963,520496,,,,,/
LHC22h,7963,520497,,,,,/
LHC22h,7963,520498,,,,,/
LHC22h,7963,520499,,,,,/
LHC22h,7963,520500,,,,,/
LHC22h,7963,520506,,,,,/
LHC22h,7963,520507,,,,,/
LHC22h,7963,520508,,,,,/
LHC22h,7963,520509,,,,,/
LHC22i,7965,520529,,,,,/
LHC22i,7966,520540,,,,,/
LHC22i,7966,520541,,,,,/
LHC22i,7966,520542,,,,,/
LHC22j,7966,520543,,,,,/
LHC22j,7966,520544,,,,,/
LHC22j,7967,520555,,,,,/
LHC22j,7967,520560,,,,,/
LHC22j,7967,520563,,,,,/
LHC22j,7967,520565,,,,,/
LHC22j,7967,520567,,,,,/
LHC22j,7967,520568,,,,,/
LHC22j,7967,520569,,,,,/
LHC22j,7967,520573,,,,,/
LHC22j,7967,520575,,,,,/
LHC22j,7967,520577,,,,,/
LHC22j,7967,520578,,,,,/
LHC22j,7967,520579,,,,,/
LHC22j,7967,520581,,,,,/
LHC22j,7969,520703,,,,,/
LHC22j,7969,520710,,,,,/
LHC22j,7969,520711,,,,,/
LHC22j,7969,520714,,,,,/
LHC22j,7978,520875,,,,,/
LHC22j,7978,520877,,,,,/
LHC22j,7978,520879,,,,,/
LHC22j,7978,520882,,,,,/
LHC22j,7978,520884,,,,,/
LHC22j,7978,520886,,,,,/
LHC22j,7978,520887,,,,,/
LHC22j,7978,520890,,,,,/
LHC22j,7978,520892,,,,,/
LHC22j,7978,520896,,,,,/
LHC22j,7978,520897,,,,,/
LHC22j,7978,520898,,,,,/
LHC22j,7978,520900,,,,,/
LHC22j,7978,520902,,,,,/
LHC22j,7978,520904,,,,,/
LHC22j,8007,521148,,,,,/
LHC22j,8007,521149,,,,,/
LHC22j,8007,521150,,,,,/
LHC22j,8007,521151,,,,,/
LHC22k,8016,521246,,,,,/
LHC22k,8016,521250,,,,,/
LHC22k,8016,521253,,,,,/
LHC22k,8016,521257,,,,,/
LHC22l,8017,521263,,,,,/
LHC22l,8017,521264,,,,,/
LHC22m,8033,521553,,,,,/
LHC22m,8033,521557,,,,,/
LHC22m,8033,521559,,,,,/
LHC22m,8033,521565,,,,,/
LHC22m,8033,521568,,,,,/
LHC22m,8033,521572,,,,,/
LHC22m,8033,521574,,,,,/
LHC22m,8033,521576,,,,,/
LHC22m,8033,521581,,,,,/
LHC22m,8033,521582,,,,,/
LHC22m,8033,521584,,,,,/
LHC22m,8033,521585,,,,,/
LHC22m,8046,521681,,,,,/
LHC22m,8046,521683,,,,,/
LHC22m,8046,521684,,,,,/
LHC22m,8057,521853,,,,,/
LHC22m,8057,521854,,,,,/
LHC22m,8057,521855,,,,,/
LHC22m,8058,521872,,,,,/
LHC22m,8058,521875,,,,,/
LHC22m,8059,521889,,,,,/
LHC22m,8059,521892,,,,,/
LHC22m,8059,521903,,,,,/
LHC22m,8059,521905,,,,,/
LHC22m,8059,521907,,,,,/
LHC22m,8062,521980,,,,,/
LHC22m,8063,521990,,,,,/
LHC22m,8063,521991,,,,,/
LHC22m,8063,521992,,,,,/
LHC22m,8063,521994,,,,,/
LHC22m,8063,521996,,,,,/
LHC22m,8063,521999,,,,,/
LHC22m,8063,522001,,,,,/
LHC22m,8063,522003,,,,,/
LHC22m,8063,522007,,,,,/
LHC22m,8063,522010,,,,,/
LHC22m,8063,522014,,,,,/
LHC22m,8063,522017,,,,,/
LHC22m,8063,522018,,,,,/
LHC22m,8063,522019,,,,,/
LHC22m,8063,522021,,,,,/
LHC22m,8063,522022,,,,,/
LHC22m,8063,522024,,,,,/
LHC22m,8067,522053,,,,,/
LHC22m,8067,522055,,,,,/
LHC22m,8067,522057,,,,,/
LHC22m,8067,522060,,,,,/
LHC22m,8067,522061,,,,,/
LHC22m,8067,522062,,,,,/
LHC22m,8067,522063,,,,,/
LHC22m,8067,522064,,,,,/
LHC22m,8067,522065,,,,,/
LHC22m,8067,522067,,,,,/
LHC22m,8067,522070,,,,,/
LHC22m,8067,522074,,,,,/
LHC22m,8068,522087,,,,,/
LHC22m,8068,522088,,,,,/
LHC22m,8068,522089,,,,,/
LHC22m,8068,522090,,,,,/
LHC22m,8072,522127,,,,,/
LHC22m,8072,522130,,,,,/
LHC22m,8072,522131,,,,,/
LHC22m,8072,522132,,,,,/
LHC22m,8072,522134,,,,,/
LHC22m,8072,522135,,,,,/
LHC22m,8072,522152,,,,,/
LHC22m,8073,522163,,,,,/
LHC22m,8073,522165,,,,,/
LHC22m,8076,522236,,,,,/
LHC22m,8078,522380,,,,,/
LHC22m,8078,522384,,,,,/
LHC22m,8078,522389,,,,,/
LHC22m,8078,522392,,,,,/
LHC22m,8079,522413,,,,,/
LHC22m,8079,522414,,,,,/
LHC22m,8081,522430,,,,,/
LHC22m,8081,522432,,,,,/
LHC22m,8081,522433,,,,,/
LHC22m,8081,522434,,,,,/
LHC22m,8081,522435,,,,,/
LHC22m,8081,522436,,,,,/
LHC22m,8081,522437,,,,,/
LHC22m,8081,522453,,,,,/
LHC22m,8083,522477,,,,,/
LHC22m,8083,522486,,,,,/
LHC22m,8087,522595,,,,,/
LHC22m,8088,522608,,,,,/
LHC22m,8088,522622,,,,,/
LHC22m,8088,522633,,,,,/
LHC22m,8088,522635,,,,,/
LHC22m,8088,522636,,,,,/
LHC22m,8098,522781,,,,,/
LHC22m,8099,522792,,,,,/
LHC22m,8099,522794,,,,,/
LHC22m,8100,522825,,,,,/
LHC22m,8102,522838,,,,,/
LHC22m,8102,522840,,,,,/
LHC22m,8102,522841,,,,,/
LHC22m,8102,522842,,,,,/
LHC22m,8102,522843,,,,,/
LHC22m,8102,522844,,,,,/
LHC22m,8102,522845,,,,,/
LHC22m,8102,522846,,,,,/
LHC22m,8102,522848,,,,,/
LHC22m,8102,522849,,,,,/
LHC22m,8102,522851,,,,,/
LHC22m,8102,522852,,,,,/
LHC22m,8102,522853,,,,,/
LHC22m,8102,522854,,,,,/
LHC22m,8102,522855,,,,,/
LHC22m,8103,522870,,,,,/
LHC22m,8103,522871,,,,,/
LHC22m,8103,522873,,,,,/
LHC22m,8103,522875,,,,,/
LHC22m,8103,522879,,,,,/
LHC22m,8106,522919,,,,,/
LHC22m,8106,522920,,,,,/
LHC22m,8106,522921,,,,,/
LHC22m,8106,522922,,,,,/
LHC22m,8106,522923,,,,,/
LHC22m,8112,522982,,,,,/
LHC22m,8112,522983,,,,,/
LHC22m,8112,522986,,,,,/
LHC22m,8112,522988,,,,,/
LHC22m,8112,522989,,,,,/
LHC22m,8112,522990,,,,,/
LHC22m,8113,523062,,,,,/
LHC22m,8113,523064,,,,,/
LHC22m,8113,523071,,,,,/
LHC22m,8113,523072,,,,,/
LHC22m,8113,523073,,,,,/
LHC22m,8113,523074,,,,,/
LHC22m,8113,523075,,,,,/
LHC22m,8113,523076,,,,,/
LHC22m,8113,523079,,,,,/
LHC22m,8115,523141,,,,,/
LHC22m,8115,523142,,,,,/
LHC22m,8115,523143,,,,,/
LHC22m,8115,523144,,,,,/
LHC22m,8115,523148,,,,,/
LHC22m,8118,523182,,,,,/
LHC22m,8118,523183,,,,,/
LHC22m,8118,523186,,,,,/
LHC22m,8120,523252,,,,,/
LHC22m,8120,523254,,,,,/
LHC22m,8120,523257,,,,,/
LHC22m,8121,523269,,,,,/
LHC22m,8121,523271,,,,,/
LHC22m,8124,523298,,,,,/
LHC22m,8124,523300,,,,,/
LHC22m,8124,523301,,,,,/
LHC22m,8124,523302,,,,,/
LHC22m,8124,523303,,,,,/
LHC22m,8124,523306,,,,,/
LHC22m,8124,523308,,,,,/
LHC22m,8124,523309,,,,,/
LHC22m,8128,523393,,,,,/
LHC22m,8128,523397,,,,,/
LHC22m,8128,523399,,,,,/
LHC22m,8128,523401,,,,,/
LHC22m,8132,523441,,,,,/
LHC22m,8136,523541,,,,,/
LHC22m,8136,523543,,,,,/
LHC22m,8136,523544,,,,,/
LHC22m,8136,523559,,,,,/
LHC22m,8142,523646,,,,,/
LHC22m,8142,523647,,,,,/
LHC22m,8143,523665,,,,,/
LHC22m,8143,523669,,,,,/
LHC22m,8143,523671,,,,,/
LHC22m,8143,523677,,,,,/
LHC22m,8146,523720,,,,,/
LHC22m,8146,523721,,,,,/
LHC22m,8146,523728,,,,,/
LHC22m,8146,523731,,,,,/
LHC22m,8147,523751,,,,,/
LHC22m,8147,523753,,,,,/
LHC22m,8147,523754,,,,,/
LHC22m,8147,523755,,,,,/
LHC22m,8148,523773,,,,,/
LHC22m,8148,523779,,,,,/
LHC22m,8148,523783,,,,,/
LHC22m,8148,523786,,,,,/
LHC22m,8148,523788,,,,,/
LHC22m,8148,523789,,,,,/
LHC22m,8148,523791,,,,,/
LHC22m,8148,523792,,,,,/
LHC22m,8148,523797,,,,,/
LHC22m,8149,523818,,,,,/
LHC22m,8149,523819,,,,,/
LHC22m,8149,523821,,,,,/
LHC22m,8149,523825,,,,,/
LHC22m,8149,523827,,,,,/
LHC22m,8149,523828,,,,,/
LHC22m,8149,523833,,,,,/
LHC22m,8151,523895,,,,,/
LHC22m,8151,523897,,,,,/
LHC22m,8151,523898,,,,,/
LHC22n,8177,526053,,,,,/
LHC22n,8177,526055,,,,,/
LHC22n,8177,526057,,,,,/
LHC22n,8177,526061,,,,,/
LHC22n,8177,526063,,,,,/
LHC22n,8177,526065,,,,,/
LHC22n,8177,526066,,,,,/
LHC22n,8177,526067,,,,,/
LHC22n,8178,526077,,,,,/
LHC22n,8178,526078,,,,,/
LHC22n,8178,526080,,,,,/
LHC22n,8178,526116,,,,,/
LHC22n,8178,526117,,,,,/
LHC22n,8178,526120,,,,,/
LHC22n,8178,526121,,,,,/
LHC22n,8178,526175,,,,,/
LHC22n,8178,526181,,,,,/
LHC22n,8178,526182,,,,,/
LHC22n,8178,526191,,,,,/
LHC22n,8178,526193,,,,,/
LHC22n,8178,526194,,,,,/
LHC22n,8178,526195,,,,,/
LHC22n,8178,526196,,,,,/
LHC22n,8181,526230,,,,,/
LHC22n,8181,526233,,,,,/
LHC22n,8181,526237,,,,,/
LHC22n,8181,526242,,,,,/
LHC22n,8181,526244,,,,,/
LHC22o,8210,526382,good,,,,/
LHC22o,8210,526383,good,,,,/
LHC22o,8210,526389,,,,,/
LHC22o,8210,526390,,,,,/
LHC22o,8210,526391,good,,,,/
LHC22o,8211,526406,,,,,/
LHC22o,8211,526407,,,,,/
LHC22o,8211,526408,,,,,/
LHC22o,8212,526418,,,,,/
LHC22o,8212,526420,,,,,/
LHC22o,8212,526432,not participating,,,,/
LHC22o,8214,526463,not participating,,,,/
LHC22o,8214,526465,not participating,,,,/
LHC22o,8214,526466,good,,,,/
LHC22o,8214,526467,good,,,,/
LHC22o,8214,526468,good,,,,/
LHC22o,8216,526481,,,,,/
LHC22o,8216,526482,,,,,/
LHC22o,8216,526483,,,,,/
LHC22o,8216,526484,,,,,/
LHC22o,8216,526485,,,,,/
LHC22o,8216,526486,bad,H0D2 misconfigured,,,/
LHC22o,8220,526503,,,,,/
LHC22o,8220,526504,,,,,/
LHC22o,8220,526505,good,,,,/
LHC22o,8220,526508,good,HIR,,,/
LHC22o,8220,526510,good,HIR,,,/
LHC22o,8220,526512,good,,,,/
LHC22o,8221,526524,,,,,/
LHC22o,8221,526525,good,,,,/
LHC22o,8221,526526,good,,,,/
LHC22o,8221,526528,good,,,,/
LHC22o,8221,526529,not participating,,,,/
LHC22o,8221,526530,not participating,,,,/
LHC22o,8221,526532,not participating,,,,/
LHC22o,8221,526533,not participating,,,,/
LHC22o,8221,526534,good,HIR,,,/
LHC22o,8222,526556,,,,,/
LHC22o,8222,526557,,,,,/
LHC22o,8222,526558,,,,,/
LHC22o,8222,526559,good,,,,/
LHC22o,8223,526596,good,,,,/
LHC22o,8223,526606,good,,,,/
LHC22o,8223,526612,good,,,,/
LHC22o,8225,526638,not participating,,,,/
LHC22o,8225,526639,good,,,,/
LHC22o,8225,526640,,,,,/
LHC22o,8225,526641,good,,,,/
LHC22o,8225,526642,,,,,/
LHC22o,8225,526643,good,,,,/
LHC22o,8225,526647,good,,,,/
LHC22o,8225,526649,good,,,,/
LHC22o,8225,526654,,,,,/
LHC22o,8225,526655,,,,,/
LHC22o,8226,526679,,,,,/
LHC22o,8226,526680,,,,,/
LHC22o,8226,526681,,,,,/
LHC22o,8226,526689,not participating,,,,/
LHC22o,8228,526711,,,,,/
LHC22o,8228,526712,good,HIR,,,/
LHC22o,8228,526713,good,,,,/
LHC22o,8228,526714,good,,,,/
LHC22o,8228,526715,good,,,,/
LHC22o,8228,526716,good,,,,/
LHC22o,8228,526719,good,,,,/
LHC22o,8228,526720,good,,,,/
LHC22o,8230,526775,,,,,/
LHC22o,8230,526776,good,,,,/
LHC22o,8233,526802,good,,,,/
LHC22o,8233,526806,good,,,,/
LHC22o,8236,526860,good,,,,/
LHC22o,8236,526861,,,,,/
LHC22o,8236,526863,,,,,/
LHC22o,8236,526865,good,,,,/
LHC22o,8236,526884,,,,,/
LHC22o,8236,526886,good,,,,/
LHC22o,8238,526926,good,HIR,,,/
LHC22o,8238,526927,good,HIR; mft-sft-decoder crashed,,,/
LHC22o,8238,526928,good,HIR; mft-sft-decoder crashed,,,/
LHC22o,8238,526929,not participating,HIR,,,/
LHC22o,8238,526934,good,HIR,,,/
LHC22o,8238,526935,good,HIR,,,/
LHC22o,8238,526936,,,,,/
LHC22o,8238,526937,good,HIR,,,/
LHC22o,8238,526938,good,,,,/
LHC22o,8238,526939,,,,,/
LHC22o,8245,526963,good,,,,/
LHC22o,8245,526964,good,,,,/
LHC22o,8245,526965,,,,,/
LHC22o,8245,526966,good,,,,/
LHC22o,8245,526967,bad,one half-disk lost: H0D4F0,,,/
LHC22o,8245,526968,good,,,,/
LHC22o,8247,527011,,,,,/
LHC22o,8247,527015,good,a higher number of chips in error: 32,,,/
LHC22o,8247,527016,bad,a beam splash just before the SOR,,,/
LHC22o,8247,527028,bad,a beam splash just before the SOR,,,/
LHC22o,8247,527031,good,,,,/
LHC22o,8247,527033,good,,,,/
LHC22o,8247,527034,good,,,,/
LHC22o,8247,527038,good,,,,/
LHC22o,8247,527039,good,,,,/
LHC22o,8247,527041,good,,,,/
LHC22o,8248,527053,,,,,/
LHC22o,8248,527055,,,,,/
LHC22o,8248,527057,good,,,,/
LHC22o,8248,527076,good,,,,/
LHC22o,8253,527108,good,,,,/
LHC22o,8253,527109,good,,,,/
LHC22o,8260,527228,good,,,,/
LHC22o,8260,527237,good,,,,/
LHC22o,8260,527239,not participating,,,,/
LHC22o,8260,527240,good,,,,/
LHC22o,8263,527257,,,,,/
LHC22o,8263,527259,bad,problems with MFT FLP 184,,,/
LHC22o,8263,527260,bad,problems with MFT FLP 184,,,/
LHC22o,8263,527261,good,,,,/
LHC22o,8263,527262,good,,,,/
LHC22o,8267,527345,good,,,,/
LHC22o,8267,527346,,,,,/
LHC22o,8267,527347,bad,wrong orbit synchronization,,,/
LHC22o,8267,527348,,,,,/
LHC22o,8267,527349,good,,,,/
LHC22o,8269,527365,,,,,/
LHC22o,8269,527367,,,,,/
LHC22o,8273,527429,,,,,/
LHC22o,8274,527442,,,,,/
LHC22o,8274,527443,,,,,/
LHC22o,8274,527444,,,,,/
LHC22o,8274,527445,,,,,/
LHC22o,8274,527446,good,,,,/
LHC22o,8276,527517,,,,,/
LHC22o,8276,527518,good,,,,/
LHC22o,8276,527522,good,,,,/
LHC22o,8276,527523,good,,,,/
LHC22o,8293,527671,good,LHC22o\_test,,,/
LHC22o,8295,527690,good,LHC22o\_test,,,/
LHC22o,8295,527694,good,LHC22o\_test,,,/
LHC22o,8297,527729,,,,,/
LHC22o,8297,527731,good,LHC22o\_test,,,/
LHC22o,8297,527734,good,LHC22o\_test,,,/
LHC22o,8297,527736,good,LHC22o\_test,,,/
LHC22o,8299,527777,good,LHC22o\_test,,,/
LHC22o,8301,527799,not participating,,,,/
LHC22o,8302,527817,,,,,/
LHC22o,8302,527818,,,,,/
LHC22o,8302,527819,,,,,/
LHC22o,8302,527820,,,,,/
LHC22o,8302,527821,good,,,,/
LHC22o,8302,527825,good,,,,/
LHC22o,8302,527826,good,,,,/
LHC22o,8302,527828,good,,,,/
LHC22o,8302,527829,,,,,/
LHC22o,8304,527847,,,,,/
LHC22o,8304,527848,good,,,,/
LHC22o,8304,527850,good,,,,/
LHC22o,8304,527852,good,,,,/
LHC22o,8305,527862,,,,,/
LHC22o,8305,527863,good,,,,/
LHC22o,8305,527864,good,,,,/
LHC22o,8305,527865,good,,,,/
LHC22o,8305,527866,,,,,/
LHC22o,8305,527869,good,,,,/
LHC22o,8305,527871,good,,,,/
LHC22o,8306,527894,,,,,/
LHC22o,8306,527895,good,,,,/
LHC22o,8306,527897,good,,,,/
LHC22o,8306,527898,good,,,,/
LHC22o,8306,527899,good,,,,/
LHC22o,8306,527902,good,,,,/
LHC22o,8307,527936,,,,,/
LHC22o,8307,527937,,,,,/
LHC22o,8307,527940,not participating,,,,/
LHC22o,8307,527944,not participating,,,,/
LHC22o,8309,527963,good,,,,/
LHC22o,8309,527965,good,,,,/
LHC22o,8309,527966,good,,,,/
LHC22o,8309,527967,good,,,,/
LHC22o,8311,527976,good,,,,/
LHC22o,8311,527978,good,,,,/
LHC22o,8311,527979,good,,,,/
LHC22o,8312,527995,,,,,/
LHC22o,8313,528021,good,,,,/
LHC22o,8313,528023,,,,,/
LHC22o,8313,528024,,,,,/
LHC22o,8313,528025,,,,,/
LHC22o,8313,528026,bad,backpressure effect in release latency,,,/
LHC22o,8314,528036,good,,,,/
LHC22o,8315,528090,,,,,/
LHC22o,8315,528092,,,,,/
LHC22o,8315,528093,good,,,,/
LHC22o,8315,528094,good,,,,/
LHC22o,8315,528097,good,,,,/
LHC22o,8315,528098,,,,,/
LHC22o,8315,528100,,,,,/
LHC22o,8315,528101,,,,,/
LHC22o,8315,528105,good,,,,/
LHC22o,8315,528106,,,,,/
LHC22o,8315,528107,good,,,,/
LHC22o,8315,528109,good,,,,/
LHC22o,8315,528110,good,,,,/
LHC22o,8315,528111,,,,,/
LHC22o,8315,528112,,,,,/
LHC22o,8315,528113,,,,,/
LHC22o,8315,528114,,,,,/
LHC22o,8317,528231,good,,,,/
LHC22o,8317,528232,good,,,,/
LHC22o,8317,528233,good,,,,/
LHC22o,8319,528263,not participating,,,,/
LHC22o,8319,528266,good,,,,/
LHC22o,8320,528290,good,a high number of chips in error: 660,,,/
LHC22o,8320,528292,good,,,,/
LHC22o,8320,528293,,,,,/
LHC22o,8320,528294,good,,,,/
LHC22o,8320,528295,,,,,/
LHC22o,8320,528296,,,,,/
LHC22o,8320,528297,,,,,/
LHC22o,8320,528298,,,,,/
LHC22o,8320,528299,,,,,/
LHC22o,8320,528300,,,,,/
LHC22o,8320,528301,,,,,/
LHC22o,8320,528303,,,,,/
LHC22o,8321,528314,,,,,/
LHC22o,8321,528316,not participating,,,,/
LHC22o,8321,528318,,,,,/
LHC22o,8321,528319,good,,,,/
LHC22o,8321,528321,,,,,/
LHC22o,8321,528322,,,,,/
LHC22o,8321,528323,,,,,/
LHC22o,8321,528327,,,,,/
LHC22o,8321,528328,good,,,,/
LHC22o,8321,528329,good,,,,/
LHC22o,8321,528330,good,,,,/
LHC22o,8321,528331,,,,,/
LHC22o,8321,528332,bad,poor phi distribution: a drop near -1.7,,,/
LHC22o,8321,528333,,,,,/
LHC22o,8321,528334,,,,,/
LHC22o,8321,528335,,,,,/
LHC22o,8321,528336,not participating,,,,/
LHC22o,8322,528347,good,,,,/
LHC22o,8324,528359,good,,,,/
LHC22o,8327,528378,,,,,/
LHC22o,8327,528379,good,,,,/
LHC22o,8327,528381,bad,a large chip loss 45 mins after the SOR,,,/
LHC22o,8327,528382,,,,,/
LHC22o,8327,528383,,,,,/
LHC22o,8327,528386,good,,,,/
LHC22o,8330,528447,,,,,/
LHC22o,8330,528448,good,,,,/
LHC22o,8330,528449,,,,,/
LHC22o,8330,528451,good,,,,/
LHC22o,8331,528461,good,,,,/
LHC22o,8331,528463,good,,,,/
LHC22o,8331,528469,,,,,/
LHC22o,8331,528471,not participating,,,,/
LHC22o,8331,528479,,,,,/
LHC22o,8331,528484,,,,,/
LHC22o,8331,528487,not participating,,,,/
LHC22o,8333,528504,,,,,/
LHC22o,8333,528507,not participating,,,,/
LHC22o,8333,528509,not participating,,,,/
LHC22o,8333,528510,,,,,/
LHC22o,8333,528513,not participating,,,,/
LHC22o,8333,528514,not participating,,,,/
LHC22o,8333,528521,,,,,/
LHC22o,8333,528523,not participating,,,,/
LHC22o,8333,528524,not participating,,,,/
LHC22o,8333,528528,not participating,,,,/
LHC22o,8333,528529,good,,,,/
LHC22o,8333,528530,good,,,,/
LHC22o,8333,528531,good,,,,/
LHC22o,8333,528534,good,,,,/
LHC22o,8333,528537,good,,,,/
LHC22o,8333,528543,good,,,,/
LHC22p,8334,528563,,,,,/
LHC22p,8334,528566,,,,,/
LHC22p,8334,528590,,,,,/
LHC22p,8334,528591,,,,,/
LHC22p,8334,528597,,,,,/
LHC22p,8334,528598,,,,,/
LHC22p,8334,528599,,,,,/
LHC22p,8334,528602,,,,,/
LHC22p,8334,528604,,,,,/
LHC22p,8335,528616,,,,,/
LHC22p,8335,528617,,,,,/
LHC22p,8342,528670,,,,,/
LHC22p,8342,528672,,,,,/
LHC22p,8342,528675,,,,,/
LHC22p,8342,528679,,,,,/
LHC22p,8342,528681,,,,,/
LHC22p,8342,528683,,,,,/
LHC22p,8342,528685,,,,,/
LHC22p,8342,528686,,,,,/
LHC22p,8342,528687,,,,,/
LHC22p,8342,528688,,,,,/
LHC22p,8342,528689,,,,,/
LHC22p,8342,528691,,,,,/
LHC22p,8342,528692,,,,,/
LHC22p,8342,528695,,,,,/
LHC22p,8342,528697,,,,,/
LHC22p,8342,528699,,,,,/
LHC22p,8345,528779,,,,,/
LHC22p,8345,528780,,,,,/
LHC22p,8345,528781,,,,,/
LHC22p,8345,528782,,,,,/
LHC22p,8345,528783,,,,,/
LHC22p,8345,528784,,,,,/
LHC22p,8347,528798,,,,,/
LHC22p,8347,528801,,,,,/
LHC22q,8379,528987,,,,,/
LHC22q,8379,528991,,,,,/
LHC22q,8379,528997,,,,,/
LHC22q,8379,529003,,,,,/
LHC22q,8379,529005,,,,,/
LHC22q,8379,529006,,,,,/
LHC22q,8379,529007,,,,,/
LHC22q,8379,529008,,,,,/
LHC22q,8379,529009,,,,,/
LHC22q,8379,529011,,,,,/
LHC22q,8379,529014,,,,,/
LHC22q,8379,529015,,,,,/
LHC22q,8381,529035,,,,,/
LHC22q,8381,529037,,,,,/
LHC22q,8381,529038,,,,,/
LHC22q,8381,529039,,,,,/
LHC22q,8381,529041,,,,,/
LHC22q,8381,529042,,,,,/
LHC22q,8381,529043,,,,,/
LHC22r,8383,529065,,,,,/
LHC22r,8383,529066,,,,,/
LHC22r,8383,529067,,,,,/
LHC22r,8385,529077,,,,,/
LHC22r,8385,529078,,,,,/
LHC22r,8385,529084,,,,,/
LHC22r,8385,529085,,,,,/
LHC22r,8385,529086,,,,,/
LHC22r,8385,529087,,,,,/
LHC22r,8385,529088,,,,,/
LHC22r,8387,529115,,,,,/
LHC22r,8387,529116,,,,,/
LHC22r,8387,529117,,,,,/
LHC22r,8389,529128,,,,,/
LHC22r,8389,529129,,,,,/
LHC22r,8392,529155,,,,,/
LHC22r,8395,529201,,,,,/
LHC22r,8395,529202,,,,,/
LHC22r,8395,529207,,,,,/
LHC22r,8395,529208,,,,,/
LHC22r,8395,529209,,,,,/
LHC22r,8395,529210,,,,,/
LHC22r,8395,529211,,,,,/
LHC22r,8398,529235,,,,,/
LHC22r,8398,529236,,,,,/
LHC22r,8398,529237,,,,,/
LHC22r,8398,529239,,,,,/
LHC22r,8398,529242,,,,,/
LHC22r,8398,529245,,,,,/
LHC22r,8398,529248,,,,,/
LHC22r,8398,529252,,,,,/
LHC22r,8399,529267,,,,,/
LHC22r,8399,529268,,,,,/
LHC22r,8399,529269,,,,,/
LHC22r,8399,529270,,,,,/
LHC22r,8399,529271,,,,,/
LHC22r,8401,529304,,,,,/
LHC22r,8401,529305,,,,,/
LHC22r,8401,529306,,,,,/
LHC22r,8401,529310,,,,,/
LHC22r,8401,529315,,,,,/
LHC22r,8401,529317,,,,,/
LHC22r,8401,529318,,,,,/
LHC22r,8401,529319,,,,,/
LHC22r,8401,529320,,,,,/
LHC22r,8401,529321,,,,,/
LHC22r,8401,529322,,,,,/
LHC22r,8401,529323,,,,,/
LHC22r,8401,529324,,,,,/
LHC22r,8402,529337,,,,,/
LHC22r,8402,529338,,,,,/
LHC22r,8402,529341,,,,,/
LHC22s,8412,529397,,,,,/
LHC22s,8412,529399,,,,,/
LHC22s,8412,529402,,,,,/
LHC22s,8412,529403,,,,,/
LHC22s,8413,529414,,,,,/
LHC22s,8413,529418,,,,,/
LHC22t,8456,529450,,,,,/
LHC22t,8456,529452,,,,,/
LHC22t,8456,529454,,,,,/
LHC22t,8456,529458,,,,,/
LHC22t,8456,529459,,,,,/
LHC22t,8456,529460,,,,,/
LHC22t,8456,529461,,,,,/
LHC22t,8456,529462,,,,,/
LHC22t,8471,529542,,,,,/
LHC22t,8474,529551,,,,,/
LHC22t,8474,529552,,,,,/
LHC22t,8474,529553,,,,,/
LHC22t,8474,529554,,,,,/
LHC22t,8474,529555,,,,,/
LHC22t,8474,529556,,,,,/
LHC22t,8479,529607,,,,,/
LHC22t,8479,529610,,,,,/
LHC22t,8479,529611,,,,,/
LHC22t,8484,529618,,,,,/
LHC22t,8489,529662,,,,,/
LHC22t,8489,529663,,,,,/
LHC22t,8489,529664,,,,,/
LHC22t,8491,529674,,,,,/
LHC22t,8491,529675,,,,,/
LHC22t,8496,529690,,,,,/
LHC22t,8496,529691,,,,,/
LHC23b,8540,534125,,,,,/
LHC23b,8541,534133,,,,,/
LHC23b,8542,534151,,,,,/
LHC23b,8542,534152,,,,,/
LHC23b,8542,534158,,,,,/
LHC23b,8542,534161,,,,,/
LHC23b,8550,534200,,,,,/
LHC23b,8550,534201,,,,,/
LHC23b,8550,534202,,,,,/
LHC23b,8550,534203,,,,,/
LHC23b,8550,534205,,,,,/
LHC23b,8550,534209,,,,,/
LHC23b,8550,534215,,,,,/
LHC23b,8558,534254,,,,,/
LHC23b,8558,534255,,,,,/
LHC23b,8558,534256,,,,,/
LHC23b,8559,534264,,,,,/
LHC23b,8559,534265,,,,,/
LHC23b,8559,534267,,,,,/
LHC23b,8559,534268,,,,,/
LHC23b,8559,534275,,,,,/
LHC23b,8580,534450,,,,,/
LHC23b,8580,534452,,,,,/
LHC23b,8580,534453,,,,,/
LHC23b,8580,534454,,,,,/
LHC23b,8580,534468,,,,,/
LHC23b,8580,534469,,,,,/
LHC23b,8580,534470,,,,,/
LHC23c,8637,534996,,,,,/
LHC23c,8637,534997,,,,,/
LHC23c,8637,534998,,,,,/
LHC23c,8637,534999,,,,,/
LHC23c,8637,535000,,,,,/
LHC23c,8637,535001,,,,,/
LHC23d,8639,535015,,,,,/
LHC23d,8639,535016,,,,,/
LHC23d,8639,535017,,,,,/
LHC23d,8639,535019,,,,,/
LHC23d,8639,535020,,,,,/
LHC23d,8639,535021,,,,,/
LHC23d,8639,535022,,,,,/
LHC23e,8642,535042,,,,,/
LHC23e,8642,535043,,,,,/
LHC23e,8642,535044,,,,,/
LHC23e,8642,535045,,,,,/
LHC23e,8642,535046,,,,,/
LHC23e,8642,535047,,,,,/
LHC23f,8644,535068,,,,,/
LHC23f,8644,535069,,,,,/
LHC23f,8645,535083,,,,,/
LHC23f,8645,535084,,,,,/
LHC23f,8645,535085,,,,,/
LHC23f,8645,535087,,,,,/
LHC23f,8654,535135,,,,,/
LHC23f,8654,535136,,,,,/
LHC23f,8654,535137,,,,,/
LHC23f,8654,535138,,,,,/
LHC23g,8675,535338,,,,,/
LHC23g,8675,535339,,,,,/
LHC23g,8675,535340,,,,,/
LHC23g,8675,535341,,,,,/
LHC23g,8675,535342,,,,,/
LHC23g,8675,535343,,,,,/
LHC23g,8675,535345,,,,,/
LHC23g,8675,535364,,,,,/
LHC23g,8675,535365,,,,,/
LHC23g,8685,535475,,,,,/
LHC23g,8685,535476,,,,,/
LHC23g,8685,535477,,,,,/
LHC23g,8685,535478,,,,,/
LHC23g,8685,535479,,,,,/
LHC23g,8685,535480,,,,,/
LHC23g,8686,535512,,,,,/
LHC23g,8686,535514,,,,,/
LHC23g,8686,535517,,,,,/
LHC23g,8686,535524,,,,,/
LHC23g,8686,535525,,,,,/
LHC23g,8686,535526,,,,,/
LHC23g,8690,535544,,,,,/
LHC23g,8690,535545,,,,,/
LHC23g,8691,535558,,,,,/
LHC23g,8691,535559,,,,,/
LHC23g,8691,535560,,,,,/
LHC23g,8691,535561,,,,,/
LHC23g,8691,535562,,,,,/
LHC23g,8691,535563,,,,,/
LHC23g,8691,535566,,,,,/
LHC23g,8692,535581,,,,,/
LHC23g,8692,535582,,,,,/
LHC23g,8692,535583,,,,,/
LHC23g,8692,535584,,,,,/
LHC23h,8695,535612,,,,,/
LHC23h,8695,535613,,,,,/
LHC23h,8695,535616,,,,,/
LHC23h,8695,535617,,,,,/
LHC23h,8695,535618,,,,,/
LHC23h,8695,535620,,,,,/
LHC23h,8695,535621,,,,,/
LHC23h,8695,535623,,,,,/
LHC23h,8695,535624,,,,,/
LHC23h,8695,535627,,,,,/
LHC23h,8696,535644,,,,,/
LHC23h,8696,535645,,,,,/
LHC23h,8701,535711,,,,,/
LHC23h,8701,535716,,,,,/
LHC23h,8701,535721,,,,,/
LHC23h,8701,535722,,,,,/
LHC23h,8701,535723,,,,,/
LHC23h,8701,535724,,,,,/
LHC23h,8701,535725,,,,,/
LHC23i,8723,535919,,,,,/
LHC23i,8723,535923,,,,,/
LHC23j,8724,535941,,,,,/
LHC23j,8725,535962,,,,,/
LHC23j,8725,535964,,,,,/
LHC23j,8725,535966,,,,,/
LHC23k,8728,535983,,,,,/
LHC23k,8729,535999,,,,,/
LHC23k,8730,536020,,,,,/
LHC23k,8730,536025,,,,,/
LHC23l,8731,536040,,,,,/
LHC23l,8731,536042,,,,,/
LHC23l,8731,536043,,,,,/
LHC23l,8731,536050,,,,,/
LHC23l,8731,536055,,,,,/
LHC23l,8736,536105,,,,,/
LHC23l,8736,536106,,,,,/
LHC23l,8736,536108,,,,,/
LHC23l,8736,536109,,,,,/
LHC23l,8736,536110,,,,,/
LHC23l,8736,536112,,,,,/
LHC23l,8736,536113,,,,,/
LHC23l,8736,536115,,,,,/
LHC23l,8736,536116,,,,,/
LHC23l,8736,536117,,,,,/
LHC23l,8736,536118,,,,,/
LHC23l,8736,536119,,,,,/
LHC23l,8738,536151,,,,,/
LHC23l,8738,536155,,,,,/
LHC23l,8738,536162,,,,,/
LHC23l,8738,536163,,,,,/
LHC23l,8738,536167,,,,,/
LHC23l,8738,536175,,,,,/
LHC23l,8738,536176,,,,,/
LHC23l,8739,536193,,,,,/
LHC23l,8739,536194,,,,,/
LHC23l,8739,536195,,,,,/
LHC23l,8739,536196,,,,,/
LHC23l,8739,536197,,,,,/
LHC23l,8739,536198,,,,,/
LHC23l,8739,536199,,,,,/
LHC23m,8739,536202,,,,,/
LHC23m,8741,536235,,,,,/
LHC23m,8741,536236,,,,,/
LHC23m,8741,536237,,,,,/
LHC23m,8741,536238,,,,,/
LHC23m,8741,536239,,,,,/
LHC23n,8746,536255,,,,,/
LHC23n,8746,536257,,,,,/
LHC23n,8746,536258,,,,,/
LHC23n,8746,536259,,,,,/
LHC23n,8746,536260,,,,,/
LHC23n,8746,536261,,,,,/
LHC23n,8746,536262,,,,,/
LHC23n,8754,536338,,,,,/
LHC23n,8754,536339,,,,,/
LHC23n,8754,536340,,,,,/
LHC23n,8754,536343,,,,,/
LHC23n,8754,536344,,,,,/
LHC23n,8754,536345,,,,,/
LHC23n,8754,536346,,,,,/
LHC23n,8771,536367,,,,,/
LHC23n,8771,536368,,,,,/
LHC23n,8771,536370,,,,,/
LHC23n,8773,536400,,,,,/
LHC23o,8773,536401,,,,,/
LHC23o,8773,536402,,,,,/
LHC23o,8773,536403,,,,,/
LHC23o,8775,536416,,,,,/
LHC23p,8778,536432,,,,,/
LHC23p,8778,536433,,,,,/
LHC23p,8778,536434,,,,,/
LHC23p,8778,536435,,,,,/
LHC23p,8778,536438,,,,,/
LHC23p,8778,536445,,,,,/
LHC23p,8778,536446,,,,,/
LHC23p,8778,536451,,,,,/
LHC23p,8778,536453,,,,,/
LHC23p,8778,536454,,,,,/
LHC23p,8778,536456,,,,,/
LHC23p,8778,536461,,,,,/
LHC23q,8782,536483,,,,,/
LHC23q,8782,536484,,,,,/
LHC23q,8782,536485,,,,,/
LHC23q,8782,536486,,,,,/
LHC23q,8782,536487,,,,,/
LHC23q,8782,536488,,,,,/
LHC23q,8782,536489,,,,,/
LHC23q,8782,536490,,,,,/
LHC23q,8782,536491,,,,,/
LHC23r,8784,536540,,,,,/
LHC23r,8784,536541,,,,,/
LHC23r,8784,536542,,,,,/
LHC23r,8784,536543,,,,,/
LHC23r,8784,536544,,,,,/
LHC23r,8784,536545,,,,,/
LHC23r,8784,536547,,,,,/
LHC23r,8784,536548,,,,,/
LHC23r,8786,536577,,,,,/
LHC23r,8786,536578,,,,,/
LHC23r,8786,536579,,,,,/
LHC23r,8786,536580,,,,,/
LHC23r,8786,536581,,,,,/
LHC23r,8786,536582,,,,,/
LHC23r,8786,536583,,,,,/
LHC23r,8786,536590,,,,,/
LHC23r,8786,536604,,,,,/
LHC23r,8786,536605,,,,,/
LHC23r,8786,536606,,,,,/
LHC23r,8786,536607,,,,,/
LHC23r,8786,536608,,,,,/
LHC23r,8786,536609,,,,,/
LHC23r,8786,536610,,,,,/
LHC23r,8786,536611,,,,,/
LHC23r,8786,536612,,,,,/
LHC23r,8786,536613,,,,,/
LHC23s,8794,536646,,,,,/
LHC23s,8794,536647,,,,,/
LHC23s,8794,536650,,,,,/
LHC23s,8794,536662,,,,,/
LHC23s,8794,536663,,,,,/
LHC23s,8796,536680,,,,,/
LHC23s,8796,536682,,,,,/
LHC23s,8796,536683,,,,,/
LHC23s,8796,536684,,,,,/
LHC23s,8796,536685,,,,,/
LHC23s,8804,536751,,,,,/
LHC23s,8804,536752,,,,,/
LHC23s,8804,536753,,,,,/
LHC23s,8804,536754,,,,,/
LHC23s,8804,536755,,,,,/
LHC23s,8804,536757,,,,,/
LHC23s,8804,536760,,,,,/
LHC23s,8804,536761,,,,,/
LHC23s,8804,536762,,,,,/
LHC23s,8807,536774,,,,,/
LHC23s,8811,536790,,,,,/
LHC23s,8816,536821,,,,,/
LHC23s,8816,536822,,,,,/
LHC23s,8817,536834,,,,,/
LHC23s,8817,536835,,,,,/
LHC23s,8817,536836,,,,,/
LHC23s,8817,536837,,,,,/
LHC23s,8817,536838,,,,,/
LHC23s,8817,536839,,,,,/
LHC23s,8817,536840,,,,,/
LHC23s,8817,536841,,,,,/
LHC23s,8817,536842,,,,,/
LHC23s,8817,536843,,,,,/
LHC23s,8817,536847,,,,,/
LHC23s,8817,536848,,,,,/
LHC23s,8821,536896,,,,,/
LHC23s,8821,536897,,,,,/
LHC23s,8821,536898,,,,,/
LHC23t,8821,536899,,,,,/
LHC23s,8821,536900,,,,,/
LHC23s,8821,536903,,,,,/
LHC23s,8821,536906,,,,,/
LHC23t,8821,536908,,,,,/
LHC23t,8821,536912,,,,,/
LHC23t,8821,536913,,,,,/
LHC23t,8821,536914,,,,,/
LHC23t,8821,536916,,,,,/
LHC23t,8821,536917,,,,,/
LHC23t,8821,536918,,,,,/
LHC23t,8821,536919,,,,,/
LHC23s,8821,536920,,,,,/
LHC23s,8821,536921,,,,,/
LHC23s,8822,536956,,,,,/
LHC23s,8822,536957,,,,,/
LHC23s,8822,536958,,,,,/
LHC23s,8822,536959,,,,,/
LHC23s,8822,536962,,,,,/
LHC23s,8822,536966,,,,,/
LHC23s,8822,536967,,,,,/
LHC23s,8822,536968,,,,,/
LHC23s,8822,536969,,,,,/
LHC23s,8822,536970,,,,,/
LHC23s,8822,536971,,,,,/
LHC23u,8850,537247,,,,,/
LHC23u,8850,537248,,,,,/
LHC23u,8850,537249,,,,,/
LHC23u,8850,537251,,,,,/
LHC23u,8853,537271,,,,,/
LHC23u,8853,537272,,,,,/
LHC23u,8853,537273,,,,,/
LHC23u,8853,537274,,,,,/
LHC23u,8853,537275,,,,,/
LHC23u,8853,537276,,,,,/
LHC23u,8858,537396,,,,,/
LHC23u,8858,537397,,,,,/
LHC23u,8858,537401,,,,,/
LHC23u,8858,537411,,,,,/
LHC23u,8860,537421,,,,,/
LHC23u,8860,537422,,,,,/
LHC23u,8860,537425,,,,,/
LHC23u,8860,537426,,,,,/
LHC23u,8863,537445,,,,,/
LHC23u,8863,537446,,,,,/
LHC23u,8863,537447,,,,,/
LHC23u,8863,537448,,,,,/
LHC23u,8863,537449,,,,,/
LHC23u,8865,537463,,,,,/
LHC23u,8865,537464,,,,,/
LHC23u,8865,537465,,,,,/
LHC23u,8865,537466,,,,,/
LHC23u,8866,537480,,,,,/
LHC23v,8870,537504,,,,,/
LHC23v,8870,537505,,,,,/
LHC23v,8870,537506,,,,,/
LHC23v,8870,537507,,,,,/
LHC23v,8870,537508,,,,,/
LHC23v,8870,537509,,,,,/
LHC23v,8870,537510,,,,,/
LHC23v,8870,537511,,,,,/
LHC23v,8872,537530,,,,,/
LHC23v,8872,537531,,,,,/
LHC23v,8873,537546,,,,,/
LHC23v,8873,537547,,,,,/
LHC23v,8873,537548,,,,,/
LHC23v,8873,537549,,,,,/
LHC23v,8873,537550,,,,,/
LHC23v,8873,537551,,,,,/
LHC23v,8873,537552,,,,,/
LHC23v,8873,537553,,,,,/
LHC23v,8877,537583,,,,,/
LHC23v,8877,537584,,,,,/
LHC23v,8877,537586,,,,,/
LHC23v,8877,537589,,,,,/
LHC23w,8877,537591,,,,,/
LHC23w,8877,537592,,,,,/
LHC23w,8877,537593,,,,,/
LHC23w,8877,537594,,,,,/
LHC23x,8877,537595,,,,,/
LHC23x,8877,537596,,,,,/
LHC23x,8877,537597,,,,,/
LHC23x,8877,537598,,,,,/
LHC23y,8877,537601,,,,,/
LHC23y,8877,537602,,,,,/
LHC23y,8877,537603,,,,,/
LHC23y,8877,537604,,,,,/
LHC23y,8877,537605,,,,,/
LHC23y,8880,537618,,,,,/
LHC23y,8880,537619,,,,,/
LHC23y,8880,537620,,,,,/
LHC23y,8880,537621,,,,,/
LHC23y,8880,537622,,,,,/
LHC23y,8880,537623,,,,,/
LHC23y,8880,537624,,,,,/
LHC23y,8880,537625,,,,,/
LHC23y,8880,537626,,,,,/
LHC23y,8880,537627,,,,,/
LHC23y,8880,537628,,,,,/
LHC23y,8880,537629,,,,,/
LHC23y,8880,537630,,,,,/
LHC23y,8880,537632,,,,,/
LHC23y,8880,537635,,,,,/
LHC23y,8880,537636,,,,,/
LHC23y,8880,537637,,,,,/
LHC23y,8880,537638,,,,,/
LHC23y,8880,537639,,,,,/
LHC23y,8880,537640,,,,,/
LHC23y,8880,537641,,,,,/
LHC23y,8880,537642,,,,,/
LHC23y,8880,537643,,,,,/
LHC23z,8880,537645,,,,,/
LHC23z,8880,537646,,,,,/
LHC23z,8882,537658,,,,,/
LHC23z,8882,537659,,,,,/
LHC23z,8882,537660,,,,,/
LHC23z,8882,537661,,,,,/
LHC23z,8882,537662,,,,,/
LHC23z,8882,537663,,,,,/
LHC23za,8885,537733,,,,,/
LHC23za,8885,537734,,,,,/
LHC23za,8885,537735,,,,,/
LHC23za,8885,537736,,,,,/
LHC23za,8885,537737,,,,,/
LHC23za,8885,537738,,,,,/
LHC23za,8885,537739,,,,,/
LHC23za,8885,537740,,,,,/
LHC23za,8885,537741,,,,,/
LHC23za,8887,537767,,,,,/
LHC23za,8887,537768,,,,,/
LHC23za,8887,537769,,,,,/
LHC23za,8887,537770,,,,,/
LHC23za,8891,537797,,,,,/
LHC23za,8891,537798,,,,,/
LHC23za,8891,537799,,,,,/
LHC23za,8891,537810,,,,,/
LHC23za,8891,537812,,,,,/
LHC23za,8891,537822,,,,,/
LHC23za,8891,537824,,,,,/
LHC23za,8891,537825,,,,,/
LHC23za,8891,537826,,,,,/
LHC23za,8891,537827,,,,,/
LHC23za,8891,537828,,,,,/
LHC23za,8891,537829,,,,,/
LHC23za,8891,537836,,,,,/
LHC23za,8894,537853,,,,,/
LHC23za,8894,537854,,,,,/
LHC23za,8894,537855,,,,,/
LHC23za,8894,537856,,,,,/
LHC23zb,8894,537857,,,,,/
LHC23zb,8894,537858,,,,,/
LHC23zb,8894,537859,,,,,/
LHC23zb,8894,537860,,,,,/
LHC23zb,8894,537861,,,,,/
LHC23zb,8894,537863,,,,,/
LHC23zb,8894,537864,,,,,/
LHC23zb,8894,537865,,,,,/
LHC23zb,8894,537866,,,,,/
LHC23zb,8894,537867,,,,,/
LHC23zc,8894,537868,,,,,/
LHC23zc,8894,537869,,,,,/
LHC23zc,8894,537870,,,,,/
LHC23zc,8895,537893,,,,,/
LHC23zc,8895,537897,,,,,/
LHC23zc,8895,537899,,,,,/
LHC23zc,8895,537900,,,,,/
LHC23zc,8895,537901,,,,,/
LHC23zc,8895,537903,,,,,/
LHC23zc,8895,537912,,,,,/
LHC23zc,8896,537929,,,,,/
LHC23zc,8896,537930,,,,,/
LHC23zc,8896,537931,,,,,/
LHC23zc,8896,537932,,,,,/
LHC23zc,8896,537933,,,,,/
LHC23zc,8896,537934,,,,,/
LHC23zc,8896,537935,,,,,/
LHC23zc,8896,537936,,,,,/
LHC23zc,8896,537937,,,,,/
LHC23zc,8896,537938,,,,,/
LHC23zc,8896,537939,,,,,/
LHC23zc,8896,537940,,,,,/
LHC23zc,8896,537941,,,,,/
LHC23zc,8897,537958,,,,,/
LHC23zc,8897,537959,,,,,/
LHC23zc,8897,537960,,,,,/
LHC23zc,8897,537961,,,,,/
LHC23zc,8897,537962,,,,,/
LHC23zc,8897,537963,,,,,/
LHC23zc,8897,537964,,,,,/
LHC23zc,8897,537965,,,,,/
LHC23zc,8901,538018,,,,,/
LHC23zc,8901,538019,,,,,/
LHC23zc,8901,538020,,,,,/
LHC23zd,8997,538909,,,,,/
LHC23zd,8997,538910,,,,,/
LHC23zd,8997,538911,,,,,/
LHC23zd,8997,538915,,,,,/
LHC23zd,8997,538917,,,,,/
LHC23zd,8997,538918,,,,,/
LHC23zd,8997,538921,,,,,/
LHC23zd,8997,538923,,,,,/
LHC23zd,8997,538928,,,,,/
LHC23zd,8997,538931,,,,,/
LHC23zd,8997,538932,,,,,/
LHC23zd,8997,538933,,,,,/
LHC23zd,8999,538956,,,,,/
LHC23zd,8999,538957,,,,,/
LHC23zd,8999,538958,,,,,/
LHC23zd,8999,538959,,,,,/
LHC23zd,8999,538960,,,,,/
LHC23zd,8999,538961,,,,,/
LHC23zd,8999,538962,,,,,/
LHC23zd,8999,538963,,,,,/
LHC23zd,8999,538964,,,,,/
LHC23zd,8999,538966,,,,,/
LHC23zd,8999,538967,,,,,/
LHC23zd,8999,538968,,,,,/
LHC23zd,8999,538969,,,,,/
LHC23zd,8999,538970,,,,,/
LHC23ze,9007,538996,,,,,/
LHC23ze,9007,538997,,,,,/
LHC23ze,9007,538998,,,,,/
LHC23ze,9007,539003,,,,,/
LHC23ze,9007,539005,,,,,/
LHC23ze,9007,539006,,,,,/
LHC23ze,9007,539007,,,,,/
LHC23ze,9007,539008,,,,,/
LHC23zf,9016,539058,,,,,/
LHC23zg,9017,539071,,,,,/
LHC23zh,9019,539086,,,,,/
LHC23zh,9019,539087,,,,,/
LHC23zh,9019,539088,,,,,/
LHC23zh,9019,539089,,,,,/
LHC23zi,9022,539107,,,,,/
LHC23zi,9022,539108,,,,,/
LHC23zj,9023,539129,,,,,/
LHC23zj,9023,539130,,,,,/
LHC23zj,9023,539132,,,,,/
LHC23zj,9023,539133,,,,,/
LHC23zk,9029,539218,,,,,/
LHC23zk,9029,539219,,,,,/
LHC23zk,9029,539220,,,,,/
LHC23zk,9029,539221,,,,,/
LHC23zk,9029,539222,,,,,/
LHC23zk,9029,539225,,,,,/
LHC23zk,9029,539226,,,,,/
LHC23zk,9029,539227,,,,,/
LHC23zk,9031,539267,,,,,/
LHC23zk,9031,539268,,,,,/
LHC23zk,9031,539269,,,,,/
LHC23zk,9031,539270,,,,,/
LHC23zk,9031,539271,,,,,/
LHC23zk,9031,539272,,,,,/
LHC23zk,9031,539273,,,,,/
LHC23zl,9035,539301,,,,,/
LHC23zl,9035,539302,,,,,/
LHC23zl,9035,539303,,,,,/
LHC23zl,9035,539304,,,,,/
LHC23zl,9035,539305,,,,,/
LHC23zl,9035,539306,,,,,/
LHC23zl,9035,539307,,,,,/
LHC23zl,9035,539308,,,,,/
LHC23zl,9035,539309,,,,,/
LHC23zl,9035,539310,,,,,/
LHC23zl,9035,539313,,,,,/
LHC23zm,9035,539314,,,,,/
LHC23zm,9035,539315,,,,,/
LHC23zm,9035,539316,,,,,/
LHC23zm,9035,539317,,,,,/
LHC23zm,9036,539331,,,,,/
LHC23zm,9036,539332,,,,,/
LHC23zm,9036,539333,,,,,/
LHC23zm,9036,539334,,,,,/
LHC23zn,9036,539339,,,,,/
LHC23zo,9043,539396,good,low B 0.2T,,,/
LHC23zo,9043,539397,good,low B 0.2T,,,/
LHC23zo,9043,539398,good,low B 0.2T,,,/
LHC23zo,9043,539399,good,low B 0.2T,,,/
LHC23zo,9043,539400,good,low B 0.2T,,,/
LHC23zo,9043,539401,good,low B 0.2T,,,/
LHC23zo,9043,539402,good,low B 0.2T,,,/
LHC23zo,9043,539403,good,low B 0.2T,,,/
LHC23zo,9043,539404,good,low B 0.2T,,,/
LHC23zo,9043,539405,good,low B 0.2T,,,/
LHC23zo,9043,539406,good,low B 0.2T,,,/
LHC23zo,9043,539407,good,low B 0.2T,,,/
LHC23zp,9044,539418,good,low B -0.2T,,,/
LHC23zp,9044,539419,good,low B -0.2T,,,/
LHC23zp,9044,539420,good,low B -0.2T,,,/
LHC23zp,9044,539421,good,low B -0.2T,,,/
LHC23zp,9044,539422,good,low B -0.2T,,,/
LHC23zp,9044,539423,good,low B -0.2T,,,/
LHC23zp,9044,539424,good,low B -0.2T,,,/
LHC23zp,9044,539425,good,low B -0.2T,,,/
LHC23zp,9044,539426,good,low B -0.2T,,,/
LHC23zp,9044,539427,good,low B -0.2T,,,/
LHC23zq,9045,539440,,,,,/
LHC23zq,9045,539441,,,,,/
LHC23zq,9045,539442,,,,,/
LHC23zq,9045,539443,,,,,/
LHC23zq,9045,539444,,,,,/
LHC23zr,9045,539445,,,,,/
LHC23zs,9046,539457,,,,,/
LHC23zs,9046,539458,,,,,/
LHC23zs,9046,539459,,,,,/
LHC23zs,9046,539460,,,,,/
LHC23zs,9046,539461,,,,,/
LHC23zs,9046,539462,,,,,/
LHC23zs,9046,539463,,,,,/
LHC23zs,9046,539464,,,,,/
LHC23zs,9046,539465,,,,,/
LHC23zs,9046,539466,,,,,/
LHC23zs,9049,539480,,,,,/
LHC23zs,9049,539481,,,,,/
LHC23zs,9049,539482,,,,,/
LHC23zs,9049,539483,,,,,/
LHC23zs,9050,539501,,,,,/
LHC23zs,9055,539517,,,,,/
LHC23zs,9056,539531,,,,,/
LHC23zs,9057,539556,,,,,/
LHC23zs,9057,539557,,,,,/
LHC23zs,9059,539579,,,,,/
LHC23zs,9059,539580,,,,,/
LHC23zs,9062,539616,,,,,/
LHC23zs,9062,539621,,,,,/
LHC23zs,9062,539622,,,,,/
LHC23zs,9062,539623,,,,,/
LHC23zs,9063,539636,,,,,/
LHC23zs,9063,539637,,,,,/
LHC23zs,9063,539638,,,,,/
LHC23zs,9063,539639,,,,,/
LHC23zs,9063,539640,,,,,/
LHC23zs,9063,539641,,,,,/
LHC23zs,9063,539644,,,,,/
LHC23zs,9063,539646,,,,,/
LHC23zs,9063,539647,,,,,/
LHC23zs,9063,539648,,,,,/
LHC23zs,9063,539649,,,,,/
LHC23zs,9066,539699,,,,,/
LHC23zs,9066,539700,,,,,/
LHC23zt,9067,539813,,,,,/
LHC23zt,9068,539827,,,,,/
LHC23zt,9068,539828,,,,,/
LHC23zt,9068,539829,,,,,/
LHC23zt,9068,539830,,,,,/
LHC23zt,9068,539831,,,,,/
LHC23zt,9068,539832,,,,,/
LHC23zt,9068,539833,,,,,/
LHC23zt,9068,539834,,,,,/
LHC23zt,9070,539873,,,,,/
LHC23zt,9070,539874,,,,,/
LHC23zt,9070,539875,,,,,/
LHC23zt,9070,539876,,,,,/
LHC23zt,9070,539877,,,,,/
LHC23zt,9070,539878,,,,,/
LHC23zt,9070,539879,,,,,/
LHC23zt,9070,539880,,,,,/
LHC23zt,9070,539881,,,,,/
LHC23zt,9070,539882,,,,,/
LHC23zt,9070,539883,,,,,/
LHC23zt,9070,539884,,,,,/
LHC23zt,9072,539899,,,,,/
LHC23zt,9072,539900,,,,,/
LHC23zt,9072,539901,,,,,/
LHC23zt,9072,539902,,,,,/
LHC23zt,9072,539903,,,,,/
LHC23zt,9072,539906,,,,,/
LHC23zt,9072,539907,,,,,/
LHC23zt,9072,539908,,,,,/
LHC23zu,9095,542353,,,,,/
LHC23zu,9095,542359,,,,,/
LHC23zu,9095,542361,,,,,/
LHC23zu,9095,542367,,,,,/
LHC23zu,9095,542373,,,,,/
LHC23zu,9095,542375,,,,,/
LHC23zu,9095,542377,,,,,/
LHC23zu,9095,542378,,,,,/
LHC23zu,9095,542385,,,,,/
LHC23zv,9128,542751,,,,,/
LHC23zv,9128,542752,,,,,/
LHC23zv,9128,542753,,,,,/
LHC23zv,9128,542754,,,,,/
LHC23zv,9128,542755,,,,,/
LHC23zv,9128,542756,,,,,/
LHC23zv,9128,542757,,,,,/
LHC23zv,9128,542764,,,,,/
LHC23zv,9128,542767,,,,,/
LHC23zv,9128,542768,,,,,/
LHC23zw,9168,543107,,,,,/
LHC23zw,9168,543109,,,,,/
LHC23zw,9168,543110,,,,,/
LHC23zw,9168,543111,,,,,/
LHC23zw,9168,543112,,,,,/
LHC23zw,9168,543113,,,,,/
LHC23zx,9192,543437,,,,,/
LHC23zx,9192,543438,,,,,/
LHC23zx,9192,543439,,,,,/
LHC23zx,9192,543440,,,,,/
LHC23zx,9192,543441,,,,,/
LHC23zx,9192,543442,,,,,/
LHC23zy,9193,543466,,,,,/
LHC23zy,9193,543467,,,,,/
LHC23zy,9193,543468,,,,,/
LHC23zy,9193,543469,,,,,/
LHC23zy,9194,543484,,,,,/
LHC23zy,9194,543486,,,,,/
LHC23zz,9197,543514,,,,,/
LHC23zz,9197,543515,,,,,/
LHC23zz,9200,543536,,,,,/
LHC23zz,9201,543549,,,,,/
LHC23zz,9206,543639,,,,,/
LHC23zz,9206,543640,,,,,/
LHC23zz,9206,543641,,,,,/
LHC23zz,9206,543642,,,,,/
LHC23zz,9209,543705,,,,,/
LHC23zz,9209,543706,,,,,/
LHC23zza,9209,543707,,,,,/
LHC23zza,9209,543708,,,,,/
LHC23zza,9209,543709,,,,,/
LHC23zza,9209,543713,,,,,/
LHC23zza,9209,543714,,,,,/
LHC23zza,9212,543730,,,,,/
LHC23zza,9212,543731,,,,,/
LHC23zza,9212,543732,,,,,/
LHC23zza,9212,543733,,,,,/
LHC23zza,9212,543734,,,,,/
LHC23zza,9212,543735,,,,,/
LHC23zzb,9213,543748,,,,,/
LHC23zzb,9213,543749,,,,,/
LHC23zzb,9213,543750,,,,,/
LHC23zzb,9213,543752,,,,,/
LHC23zzb,9213,543754,,,,,/
LHC23zzb,9213,543759,,,,,/
LHC23zzb,9213,543760,,,,,/
LHC23zzc,9216,543803,,,,,/
LHC23zzc,9216,543804,,,,,/
LHC23zzc,9217,543817,,,,,/
LHC23zzc,9217,543818,,,,,/
LHC23zzc,9217,543819,,,,,/
LHC23zzc,9217,543820,,,,,/
LHC23zzd,9218,543838,,,,,/
LHC23zzd,9218,543839,,,,,/
LHC23zzd,9218,543840,,,,,/
LHC23zzd,9218,543841,,,,,/
LHC23zzd,9218,543842,,,,,/
LHC23zzd,9218,543843,,,,,/
LHC23zzd,9218,543844,,,,,/
LHC23zzd,9218,543845,,,,,/
LHC23zzd,9218,543846,,,,,/
LHC23zzd,9218,543847,,,,,/
LHC23zzd,9218,543849,,,,,/
LHC23zzd,9218,543850,,,,,/
LHC23zzd,9220,543868,,,,,/
LHC23zzd,9220,543870,,,,,/
LHC23zzd,9220,543872,,,,,/
LHC23zzd,9220,543873,,,,,/
LHC23zzd,9220,543874,,,,,/
LHC23zzd,9220,543875,,,,,/
LHC23zze,9222,543918,,,,,/
LHC23zze,9222,543919,,,,,/
LHC23zze,9222,543920,,,,,/
LHC23zze,9222,543921,,,,,/
LHC23zze,9222,543922,,,,,/
LHC23zze,9223,543950,,,,,/
LHC23zzf,9225,544013,good,,,,/
LHC23zzg,9226,544028,good,,,,/
LHC23zzg,9226,544030,,,,,/
LHC23zzg,9226,544032,good,,,,/
LHC23zzg,9226,544033,bad,,,,/
LHC23zzh,9231,544087,,,,,/
LHC23zzh,9231,544088,,,,,/
LHC23zzh,9231,544089,,,,,/
LHC23zzh,9231,544090,,,,,/
LHC23zzh,9231,544091,good,,,,/
LHC23zzh,9231,544095,good,,,,/
LHC23zzh,9231,544098,good,,,,/
LHC23zzh,9232,544116,good,,,,/
LHC23zzh,9232,544119,,,,,/
LHC23zzh,9232,544121,good,,,,/
LHC23zzh,9232,544122,good,,,,/
LHC23zzh,9232,544123,good,,,,/
LHC23zzh,9232,544124,good,,,,/
LHC23zzh,9232,544126,good,low IR => large background contribution at phi > 0,,,/
LHC23zzi,9234,544167,good,,,,/
LHC23zzi,9235,544180,bad,,,,/
LHC23zzi,9235,544181,,,,,/
LHC23zzi,9235,544184,good,,,,/
LHC23zzi,9235,544185,good,,,,/
LHC23zzi,9237,544384,good,,,,/
LHC23zzi,9237,544389,good,,,,/
LHC23zzi,9237,544390,good,,,,/
LHC23zzi,9237,544391,good,,,,/
LHC23zzi,9237,544392,good,,,,/
LHC23zzj,9239,544418,,,,,/
LHC23zzj,9239,544420,,,,,/
LHC23zzj,9240,544434,,,,,/
LHC23zzk,9242,544448,,,,,/
LHC23zzk,9242,544449,,,,,/
LHC23zzk,9242,544450,,,,,/
LHC23zzk,9242,544451,good,,,,/
LHC23zzk,9242,544454,good,,,,/
LHC23zzk,9245,544474,good,,,,/
LHC23zzk,9245,544475,LA MC repro.,RU H0D1F0Z1 sends corr. data; mft-stf-decoder crash,,,/
LHC23zzk,9245,544476,LA MC repro.,a dip in the phi distribution around -1.3,,,/
LHC23zzk,9245,544477,LA MC repro.,a dip in the phi distribution around -1.3,,,/
LHC23zzk,9246,544490,good,,,,/
LHC23zzk,9246,544491,good,,,,/
LHC23zzk,9246,544492,good,,,,/
LHC23zzk,9247,544508,good,,,,/
LHC23zzk,9247,544509,good,,,,/
LHC23zzk,9247,544510,good,,,,/
LHC23zzk,9247,544511,good,issues or not ? no apass1 until apass4,,,/
LHC23zzk,9247,544512,good, issues in TPC IROC A11,,,/
LHC23zzk,9247,544513,good, issues in TPC IROC A11,,,/
LHC23zzk,9247,544514,good, issues in TPC IROC A11,,,/
LHC23zzk,9247,544515,good, issues in TPC IROC A11,,,/
LHC23zzk,9247,544516,good," issues in TPC IROC A11, BAD RUN ?",,,/
LHC23zzk,9247,544518,good, issues in TPC IROC A11,,,/
LHC23zzl,9250,544547,,,,,/
LHC23zzl,9250,544548,good,,,,/
LHC23zzl,9250,544549,good,,,,/
LHC23zzl,9250,544550,good,,,,/
LHC23zzl,9250,544551,good,,,,/
LHC23zzl,9251,544564,good,,,,/
LHC23zzl,9251,544565,good,,,,/
LHC23zzl,9251,544566,,,,,/
LHC23zzl,9251,544567,good,,,,/
LHC23zzl,9251,544568,good,,,,/
LHC23zzl,9252,544580,good,,,,/
LHC23zzl,9252,544581,,,,,/
LHC23zzl,9252,544582,good,,,,/
LHC23zzl,9252,544583,good,,,,/
LHC23zzl,9252,544584,,,,,/
LHC23zzl,9252,544585,good,,,,/
LHC23zzm,9254,544614,bad,FLP 183 stopped sending data soon after the SOR,,,/
LHC23zzm,9256,544640,good,,,,/
LHC23zzm,9258,544652,good,,,,/
LHC23zzm,9258,544653,good,,,,/
LHC23zzm,9258,544654,good,,,,/
LHC23zzm,9260,544670,good,,,,/
LHC23zzm,9260,544671,good,,,,/
LHC23zzm,9260,544672,good,,,,/
LHC23zzm,9260,544674,bad,FLP 183 stopped sending data soon after the SOR,,,/
LHC23zzm,9263,544692,good,,,,/
LHC23zzm,9263,544693,good,,,,/
LHC23zzm,9263,544694,good,,,,/
LHC23zzm,9263,544695,good,,,,/
LHC23zzm,9263,544696,good,,,,/
LHC23zzm,9268,544739,good,,,,/
LHC23zzm,9268,544740,good,,,,/
LHC23zzm,9268,544741,good,,,,/
LHC23zzm,9268,544742,good,,,,/
LHC23zzm,9269,544754,good,,,,/
LHC23zzm,9270,544767,good,,,,/
LHC23zzn,9271,544794,good,,,,/
LHC23zzn,9271,544795,good,,,,/
LHC23zzn,9271,544797,good,,,,/
LHC23zzn,9273,544812,good,,,,/
LHC23zzn,9273,544813,good,,,,/
LHC23zzo,9279,544868,good,,,,/
LHC23zzo,9281,544886,good,MFT shifter's table: acceptance loss?,,,/
LHC23zzo,9281,544887,good,,,,/
LHC23zzo,9281,544888,?,,,,/
LHC23zzo,9281,544889,?,,,,/
LHC23zzo,9281,544890,?,,,,/
LHC23zzo,9281,544891,?,,,,/
LHC23zzo,9281,544894,good,,,,/
LHC23zzo,9281,544896,good,,,,/
LHC23zzo,9282,544911,good,,,,/
LHC23zzo,9282,544913,good,,,,/
LHC23zzo,9282,544914,good,,,,/
LHC23zzo,9282,544917,good,MFT shifter's table: acceptance loss?,,,/
LHC23zzo,9283,544931,good,,,,/
LHC23zzo,9284,544947,good,,,,/
LHC23zzo,9285,544960,?,,,,/
LHC23zzo,9285,544961,good,,,,/
LHC23zzo,9285,544963,good,MFT shifter's table: acceptance loss?,,,/
LHC23zzo,9285,544964,good,,,,/
LHC23zzo,9285,544968,good,MFT shifter's table: acceptance loss?,,,/
LHC23zzo,9288,544991,good,,,,/
LHC23zzo,9288,544992,good,MFT shifter's table: discuss,,,/
LHC23zzo,9289,545004,bad,corrupted data,,,/
LHC23zzo,9289,545005,?,,,,/
LHC23zzo,9289,545006,?,,,,/
LHC23zzo,9289,545007,?,,,,/
LHC23zzo,9289,545008,not participating,,,,/
LHC23zzo,9289,545009,good,MFT shifter's table: acceptance loss?,,,/
LHC23zzo,9289,545010,good,MFT shifter's table: acceptance loss?,,,/
LHC23zzo,9291,545041,good,,,,/
LHC23zzo,9291,545042,good,,,,/
LHC23zzo,9291,545044,good,,,,/
LHC23zzo,9291,545047,good,,,,/
LHC23zzo,9292,545060,good,MFT shifter's table: acceptance loss?,,,/
LHC23zzo,9292,545061,?,,,,/
LHC23zzo,9292,545062,good,MFT shifter's table: acceptance loss?,,,/
LHC23zzo,9292,545063,good,MFT shifter's table: acceptance loss?,,,/
LHC23zzo,9292,545064,good,MFT shifter's table: acceptance loss?,,,/
LHC23zzo,9292,545065,?,,,,/
LHC23zzo,9292,545066,good,,,,/
LHC23zzo,9294,545085,?,,,,/
LHC23zzo,9294,545086,good,MFT shifter's table: acceptance loss?,,,/
LHC23zzo,9296,545103,good,,,,/
LHC23zzo,9297,545115,?,,,,/
LHC23zzo,9297,545116,?,,,,/
LHC23zzo,9297,545117,good,,,,/
LHC23zzo,9301,545170,?,,,,/
LHC23zzo,9301,545171,good,,,,/
LHC23zzo,9302,545184,good,,,,/
LHC23zzo,9302,545185,good,,,,/
LHC23zzo,9305,545210,good,,,,/
LHC23zzo,9306,545222,good,MFT shifter's table: acceptance loss?,,,/
LHC23zzo,9306,545223,good,MFT shifter's table: acceptance loss?,,,/
LHC23zzo,9309,545245,?,,,,/
LHC23zzo,9309,545246,good,MFT shifter's table: acceptance loss?,,,/
LHC23zzo,9309,545247,?,,,,/
LHC23zzo,9309,545249,good,MFT shifter's table: acceptance loss?,,,/
LHC23zzo,9310,545262,good,,,,/
LHC23zzo,9312,545289,good,,,,/
LHC23zzo,9312,545290,?,,,,/
LHC23zzo,9312,545291,good,,,,/
LHC23zzo,9312,545294,good,MFT shifter's table: acceptance loss?,,,/
LHC23zzo,9312,545295,good,MFT shifter's table: acceptance loss?,,,/
LHC23zzo,9312,545296,good,MFT shifter's table: acceptance loss?,,,/
LHC23zzo,9314,545311,good,MFT shifter's table: acceptance loss?,,,/
LHC23zzo,9314,545312,good,MFT shifter's table: acceptance loss?,,,/
LHC23zzo,9316,545332,good,,,,/
LHC23zzo,9317,545345,good,MFT shifter's table: acceptance loss?,,,/
LHC23zzo,9319,545365,?,,,,/
LHC23zzo,9319,545366,?,,,,/
LHC23zzo,9319,545367,good,MFT shifter's table: acceptance loss?,,,/
LHC24aa,9400,548687,good,,,,/
LHC24aa,9400,548704,good,,,,/
LHC24aa,9400,548707,good,,,,/
LHC24aa,9400,548711,good,,,,/
LHC24ab,9448,549286,good,,,,/
LHC24ab,9448,549287,good,,,,/
LHC24ab,9448,549288,good,,,,/
LHC24ab,9448,549289,good,,,,/
LHC24af,9543,550367,good,,,,/
LHC24af,9543,550369,good,,,,/
LHC24af,9543,550375,good,,,,/
LHC24af,9548,550412,good,,,,/
LHC24af,9548,550417,good,,,,/
LHC24af,9548,550421,good,,,,/
LHC24af,9548,550424,good,,,,/
LHC24af,9548,550425,good,,,,/
LHC24af,9549,550439,good,,,,/
LHC24af,9559,550530,,seem to be not participating/not for physics,What about these runs ?,,/
LHC24af,9559,550536,,seem to be not participating/not for physics,,,/
LHC24af,9564,550630,good,,,,/
LHC24af,9564,550632,good,,,,/
LHC24af,9564,550634,good,,,,/
LHC24af,9565,550653,not part,,,,/
LHC24af,9565,550654,good,,,,/
LHC24af,9566,550690,good,,,,/
LHC24af,9566,550691,good,,,,/
LHC24af,9567,550707,good,,,,/
LHC24af,9567,550711,good,,,,/
LHC24af,9568,550728,good,,,,/
LHC24af,9568,550731,good,,,,/
LHC24af,9568,550742,good,,,,/
LHC24af,9569,550756,good,,,,/
LHC24af,9569,550760,good,,,,/
LHC24af,9570,550774,good,link cruID error at 10:25:42,,,/
LHC24af,9570,550778,good,,,,/
LHC24af,9570,550781,LA MC repro.,H0D3F1Z1 not sending data; MC repro.;good from SOR (14:31:14) until 14:34,,,/
LHC24af,9570,550784,LA MC repro.,H0D3F1Z1 not sending data; MC repro.,,,/
LHC24af,9573,550819,good,,,,/
LHC24af,9573,550824,good,,,,/
LHC24af,9574,550843,LA MC repro.,26 chips in error; MC repro.,,,/
LHC24af,9574,550848,good,beam splash,,,/
LHC24af,9574,550852,good,,,,/
LHC24af,9574,550858,good,,,,/
LHC24af,9575,550889,good,,,,/
LHC24af,9579,550916,good,beam splash,,,/
LHC24ag,9585,550997,good,,,,/
LHC24ag,9585,551005,not part,,,,/
LHC24ag,9585,551007,good,H1D1F1Z0 excluded,,,/
LHC24ag,9585,551008,good,H1D1F1Z0 excluded,,,/
LHC24ag,9585,551013,good,H1D1F1Z0 excluded,,,/
LHC24ag,9585,551023,good,H1D1F1Z0 excluded,,,/
LHC24ag,9585,551027,good,H1D1F1Z0 excluded,,,/
LHC24ag,9593,551066,good,H1D1F1Z0 excluded,,,/
LHC24ag,9594,551083,good,H1D1F1Z0 excluded,,,/
LHC24ag,9602,551105,good,H1D1F1Z0 excluded,,,/
LHC24ag,9602,551107,good,H1D1F1Z0 excluded,,,/
LHC24ag,9603,551122,good,H1D1F1Z0 excluded,,,/
LHC24ag,9603,551127,good,H1D1F1Z0 excluded,,,/
LHC24ag,9604,551149,good,H1D1F1Z0 excl.; H1D1F0Z1 sends corr. data at SOR,,,/
LHC24ag,9605,551219,good,H1D1F1Z0 excluded,,,/
LHC24ag,9605,551221,good,H1D1F1Z0 reincluded,,,/
LHC24ag,9605,551229,good,,,,/
LHC24ag,9605,551230,not part,CTP issue at the end of the run; no EOC,,,/
LHC24ag,9605,551232,good,,,,/
LHC24ag,9606,551255,good,,,,/
LHC24ag,9606,551257,good,last five minutes bad due to PSU switched off,,,/
LHC24ag,9606,551260,good,,,,/
LHC24ag,9606,551272,good,,,,/
LHC24ag,9608,551290,good,,,,/
LHC24ag,9608,551296,good,,,,/
LHC24ag,9609,551365,good,BK (splash at 03:04),,,/
LHC24ag,9610,551387,not part,,,,/
LHC24ag,9610,551389,good,BK (RDH errors from H0D0F0Z0),,,/
LHC24ag,9610,551391,not part,,,,/
LHC24ag,9610,551392,not part,,,,/
LHC24ag,9610,551394,good,beam splash,,,/
LHC24ag,9610,551398,good,,,,/
LHC24ag,9611,551418,good,mft-stf-decoder error; QC tasks crashed on EPN284,,,/
LHC24ag,9611,551427,good,,,,/
LHC24ag,9614,551463,good,,,,/
LHC24ag,9614,551468,good,,,,/
LHC24ag,9618,551498,good,BK (beam splash),,,/
LHC24ag,9618,551504,good,,,,/
LHC24aj,9651,551745,good,Fill for ATLAS calibration transfer,,,/
LHC24aj,9653,551759,good,Fill for ATLAS calibration transfer,,,/
LHC24aj,9653,551760,good,Fill for ATLAS calibration transfer,,,/
LHC24aj,9653,551761,good,Fill for ATLAS calibration transfer,,,/
LHC24aj,9654,551780,good,,,,/
LHC24aj,9659,551843,good,mini-splash from 03:49:35 to 03:49:55; BK,,,/
LHC24aj,9661,551856,good,splash from 11:20:30 to 11:21:00; BK,,,/
LHC24aj,9662,551874,good,MFT in error (expert request): clock mixed for H1D3F0Z2; need to powercycle; BK,,,/
LHC24aj,9662,551875,good,,,,/
LHC24aj,9662,551877,LA MC repro.,,,,/
LHC24aj,9663,551889,good,,,,/
LHC24aj,9663,551890,good,,,,/
LHC24aj,9663,551894,good,,,,/
LHC24aj,9664,551921,good,,,,/
LHC24aj,9664,551922,good,,,,/
LHC24aj,9664,551923,good,7 zones with inconsistent orbit,,,/
LHC24aj,9664,551924,good,,,,/
LHC24aj,9664,551925,good,,,,/
LHC24aj,9664,551926,good,H1D0F1Z0 zone produces corrupted data. BK and causes the crash of the run; From 07:28:13 to ~07:29:25,,,/
LHC24aj,9664,551931,LA MC repro.,A full zone h1d0f0z1 in error. ,,,/
LHC24aj,9666,551943,LA MC repro.,,,,/
LHC24aj,9667,551958,good,,,,/
LHC24aj,9670,551977,not part,,,,/
LHC24aj,9670,551979,not part,,,,/
LHC24aj,9670,551982,not part,,,,/
LHC24aj,9670,551983,not part,,,,/
LHC24aj,9670,551989,not part,,,,/
LHC24aj,9670,551992,not part,,,,/
LHC24aj,9670,551993,not part,,,,/
LHC24aj,9670,551997,good,Mini-splash of 10 chips from 05:05:40 to 05:05:50 and Autorecovery. Then with 11 chips in error; autorecovery. at 05:22:41 the zone H1D2F0Z3 produce corrupted data.,,,/
LHC24aj,9672,552005,LA MC repro.,Around 12:10 h1-d1-f0-z1-tr16; h1-d1-f0-z1-tr17 did not send data,,,/
LHC24aj,9674,552029,good,,,,/
LHC24aj,9677,552080,good,,,,/
LHC24aj,9680,552102,good,,,,/
LHC24aj,9680,552103,good,,,,/
LHC24aj,9684,552138,good,,,,/
LHC24aj,9684,552139,good,,,,/
LHC24aj,9684,552140,good,,,,/
LHC24aj,9684,552141,good,,,,/
LHC24aj,9684,552142,good,,,,/
LHC24aj,9686,552156,good,,,,/
LHC24aj,9687,552176,good,,,,/
LHC24aj,9687,552177,good,clock mixed in H0D4F0Z1; no data from one ladder in this zone from ~18:30,,,/
LHC24aj,9687,552178,good,,,,/
LHC24aj,9687,552179,good,,,,/
LHC24aj,9691,552197,good,,,,/
LHC24aj,9691,552198,good,,,,/
LHC24aj,9691,552200,good,,,,/
LHC24aj,9691,552201,good,crashed due to MFT (inconsistent orbit in H0D1F1Z1),,,/
LHC24aj,9691,552203,good, beam splash shortly before EOR; 102 chips in error,,,/
LHC24aj,9691,552204,good,,,,/
LHC24aj,9691,552205,good,,,,/
LHC24aj,9691,552206,good,,,,/
LHC24aj,9694,552283,good,,,,/
LHC24aj,9694,552285,good,,,,/
LHC24aj,9696,552304,good,,,,/
LHC24aj,9700,552340,good,,,,/
LHC24aj,9700,552341,good,,,,/
LHC24aj,9701,552353,good,beam splash at SOR; 91 chips in error,,,/
LHC24aj,9705,552369,good,,,,/
LHC24aj,9707,552381,good,,,,/
LHC24aj,9707,552382,good,corrupted data from 8:42:22 to EOR on H1D3F1Z0,,,/
LHC24aj,9707,552383,good,,,,/
LHC24aj,9707,552384,good,corrupted data from 11:56:16 to 11:57:32 on H1D1F0Z1,,,/
LHC24aj,9708,552400,good,corrupted data from 18:37:45 to EOR on H1D0F1Z3,,,/
LHC24aj,9708,552401,good,corrupted data on H0D3F0Z3,,,/
LHC24aj,9708,552402,good,,,,/
LHC24aj,9708,552403,good,,,,/
LHC24al,9810,553185,good,,509.7,0.024,/
LHC24al,9810,553187,good,,512.4,0.024,/
LHC24al,9810,553188,good,,513.0,0.024,/
LHC24al,9810,553189,good,,512.2,0.024,/
LHC24al,9810,553193,good,,509.4,0.024,/
LHC24al,9812,553219,good,,506.2,0.023,/
LHC24al,9812,553225,good,,507.1,0.023,/
LHC24al,9813,553250,LA MC repro.,20-26 chips in error,503.0,0.023,/
LHC24al,9813,553253,LA MC repro.,22-29 chips in error,518.3,0.023,/
LHC24al,9813,553255,good,,503.6,0.023,/
LHC24al,9816,553274,good,,503.8,0.023,/
LHC24al,9819,553294,good,,493.4,0.022,/
LHC24al,9819,553297,not part,,508.8,0.023,/
LHC24al,9819,553299,good,,507.7,0.023,/
LHC24al,9819,553305,good,,507.5,0.023,/
LHC24al,9832,553486,LA MC repro.,too many unrecoverable chips,485.3,0.022,/
LHC24al,9838,553512,good,,502.6,0.023,/
LHC24al,9840,553530,good,BAD from 15:13:35: latch-up of all H0F1 chips,505.7,0.023,/
LHC24al,9840,553536,LA MC repro.,BAD from 20:53:30: clock transition,502.0,0.023,/
LHC24al,9842,553555,good,,509.5,0.023,/
LHC24al,9843,553588,good,problems with levelling; IR slowly decreased to 350 kHz,421.5,0.019,/
LHC24al,9843,553590,good,,508.3,0.023,/
LHC24al,9846,553610,good,,492.1,0.022,/
LHC24al,9848,553633,good,,510.9,0.023,/
LHC24al,9849,553655,good,LA MC repro. from 06:18: too many chips in E in H0D2F1Z1; only 4 recovered,510.8,0.023,/
LHC24al,9849,553660,good,,509.4,0.023,/
LHC24al,9849,553663,good,,507.8,0.023,/
LHC24al,9852,553700,not part,,505.4,0.023,/
LHC24al,9852,553702,good,,509.8,0.023,/
LHC24al,9857,553739,good,,516.0,0.023,/
LHC24al,9859,553756,good,,503.8,0.023,/
LHC24al,9860,553785,good,LA MC repro. from 21:30:20: H1D0F0Z2 in error; 2 ladders missing until EOR,508.4,0.023,/
LHC24al,9861,553807,good,15-22 chips in error; but no visible acc drops,508.7,0.023,/
LHC24al,9861,553816,good,,512.0,0.023,/
LHC24al,9861,553819,good,,510.5,0.023,/
LHC24al,9861,553821,good,,505.8,0.023,/
LHC24al,9861,553824,good,,519.2,0.023,/
LHC24al,9861,553825,good,,509.1,0.023,/
LHC24al,9862,553844,good,,507.2,0.023,/
LHC24al,9864,553862,good,,507.8,0.023,/
LHC24al,9865,553880,good,,504.4,0.023,/
LHC24al,9867,553903,good,,476.1,0.021,/
LHC24al,9877,553955,no physics,,523.7,0.025,/
LHC24al,9877,553956,no physics,,519.9,0.024,/
LHC24al,9877,553959,no physics,,503.1,0.024,/
LHC24al,9877,553963,no physics,,507.8,0.024,/
LHC24al,9877,553976,no physics,,483.5,0.023,/
LHC24al,9877,553980,no physics,,375.2,0.018,/
LHC24al,9878,553996,no physics,,526.6,0.024,/
LHC24al,9878,553998,no physics,,753.1,0.034,/
LHC24al,9879,554018,no physics,,750.8,0.034,/
LHC24al,9883,554038,no physics,,766.6,0.035,/
LHC24al,9883,554042,no physics,,734.4,0.033,/
LHC24al,9886,554092,LA MC repro.,,522.6,0.023,/
LHC24al,9886,554094,LA MC repro.,,528.8,0.024,/
LHC24al,9886,554095,LA MC repro.,,525.6,0.023,/
LHC24al,9886,554097,LA MC repro.,,511.5,0.023,/
LHC24al,9886,554098,good,,506.4,0.023,/
LHC24al,9891,554158,no physics,,500.0,0.186,/
LHC24al,9895,554176,no physics,,500.3,0.186,/
LHC24al,9895,554178,no physics,,496.4,0.185,/
LHC24al,9895,554179,no physics,,502.0,0.187,/
LHC24al,9896,554194,LA MC repro.,about 20 chips in error,512.5,0.023,/
LHC24al,9896,554198,LA MC repro.,22-24 chips in error,513.8,0.023,/
LHC24al,9896,554201,LA MC repro.,about 20 chips in error,503.3,0.023,/
LHC24al,9896,554203,good,,511.5,0.023,/
LHC24al,9896,554207,good,,517.8,0.023,/
LHC24al,9896,554208,good,,510.7,0.023,/
LHC24al,9899,554223,good,,507.7,0.023,/
LHC24al,9900,554247,good,,509.4,0.023,/
LHC24al,9900,554261,good,,506.2,0.023,/
LHC24al,9905,554293,good,BAD from 12:38:30 until 12:44:46: corr. data due to a global issue,520.6,0.023,/
LHC24al,9905,554295,good,,508.5,0.023,/
LHC24al,9906,554316,good,,511.7,0.023,/
LHC24al,9906,554322,good,,506.4,0.023,/
LHC24al,9906,554323,good,,499.8,0.022,/
LHC24al,9910,554354,good,,509.8,0.023,/
LHC24al,9911,554394,good,,511.2,0.023,/
LHC24al,9911,554404,good,,511.4,0.023,/
LHC24al,9911,554408,good,,508.1,0.023,/
LHC24al,9911,554413,good,,499.2,0.022,/
LHC24al,9912,554427,LA MC repro.,,508.2,0.023,/
LHC24al,9917,554462,LA MC repro.,15-23 chips in error,507.4,0.023,/
LHC24al,9917,554471,good,,503.9,0.023,/
LHC24al,9920,554494,good,BAD from 02:17:08 until EOR: data corruption,508.3,0.023,/
LHC24al,9920,554495,good,,508.8,0.023,/
LHC24al,9920,554504,good,,508.8,0.023,/
LHC24al,9920,554507,good,,517.8,0.023,/
LHC24al,9921,554524,not part,,509.4,0.023,/
LHC24al,9921,554526,LA MC repro.,too many chips in error; including two full ladders from H0D3F1Z0,509.2,0.023,/
LHC24al,9921,554538,good,,508.2,0.023,/
LHC24al,9923,554558,LA MC repro.,H1D1F0Z2 excl. + 19-24 chips in error | BAD from 14:46:22 until EOR: corr. data,507.3,0.023,/
LHC24al,9923,554564,LA MC repro.,H1D1F0Z2 excl.  BAD from 19:21:18 until EOR: corr. data,506.6,0.023,/
LHC24al,9923,554569,LA MC repro.,H1D1F0Z2 excl. + problems with H1D0F0Z1; H0D2F0Z0,509.5,0.023,/
LHC24al,9925,554588,LA MC repro.,H1D1F0Z2 excluded,504.8,0.023,/
LHC24al,9926,554603,LA MC repro.,H1D1F0Z2 excluded,509.0,0.023,/
LHC24al,9926,554613,LA MC repro.,H1D1F0Z2 excluded,511.3,0.023,/
LHC24al,9926,554615,LA MC repro.,H1D1F0Z2 excluded,509.5,0.023,/
LHC24al,9927,554633,LA MC repro.,H1D1F0Z2 excluded,508.7,0.023,/
LHC24al,9931,554701,LA MC repro.,H1D1F0Z2 excluded,521.9,0.023,/
LHC24al,9931,554703,LA MC repro.,H1D1F0Z2 excluded,509.8,0.023,/
LHC24al,9931,554714,LA MC repro.,H1D1F0Z2 excl.  errors on non-existing STFs from all FLPs at 15:40:53,509.8,0.023,/
LHC24al,9932,554728,LA MC repro.,H1D1F0Z2 excl.  CRU dropped packets on H0D4F0 at 20:44:51,510.2,0.023,/
LHC24al,9932,554732,LA MC repro.,H1D1F0Z2 excluded,502.9,0.023,/
LHC24al,9932,554736,LA MC repro.,H1D1F0Z2 excluded,502.5,0.023,/
LHC24al,9934,554752,LA MC repro.,H1D1F0Z2 excl. ,498.9,0.022,/
LHC24al,9935,554768,LA MC repro.,H1D1F0Z2 excluded,506.5,0.023,/
LHC24al,9935,554772,LA MC repro.,H1D1F0Z2 excl. + half-zone H1D3F1Z1 stopped sending data during the run,506.1,0.023,/
LHC24al,9935,554774,LA MC repro.,H1D1F0Z2 excl. + half-zone H1D3F1Z1 not sending data,502.5,0.023,/
LHC24al,9936,554791,LA MC repro.,H1D1F0Z2 excl. + half-zone H1D3F1Z1 not sending data,504.8,0.023,/
LHC24al,9937,554808,LA MC repro.,H1D1F0Z2 excl. + up to 21 chips in error,508.2,0.023,/
LHC24al,9939,554835,LA MC repro.,H1D1F0Z2 excl.; BAD from 11:11:09 until EOR: corr. data,501.4,0.023,/
LHC24al,9939,554837,LA MC repro.,H1D1F0Z2 excluded,507.0,0.023,/
LHC24al,9941,554873,good,,508.7,0.023,/
LHC24al,9941,554880,good,,505.9,0.023,/
LHC24al,9942,554898,good,,508.6,0.023,/
LHC24al,9943,554920,good,,508.5,0.023,/
LHC24al,9945,554968,good,,504.4,0.023,/
LHC24al,9945,554970,good,,512.2,0.023,/
LHC24al,9945,554973,good,,508.4,0.023,/
LHC24al,9947,554998,good,14-21 chips in error; beam splash at 11:05,509.5,0.023,/
LHC24al,9951,555020,good,,504.6,0.023,/
LHC24al,9951,555022,good,,509.2,0.023,/
LHC24al,9951,555023,good,17-22 chips in error,511.7,0.023,/
LHC24al,9960,555047,LA MC repro.,20-23 chips in error,489.3,0.022,/
LHC24al,9962,555071,good,beam splash at 05:47,510.6,0.023,/
LHC24al,9962,555073,good,,499.6,0.022,/
LHC24al,9966,555103,good,not for physics,2.7,0.274,/
LHC24al,9966,555106,good,not for physics | 20:53 until EOR: errors on non-existing STF from all FLPs,0.2,0.016,/
LHC24al,9966,555108,good,not for physics,0.2,0.015,/
LHC24al,9967,555121,LA MC repro.,20-25 chip in error,507.4,0.023,/
LHC24al,9967,555122,not part,,509.7,0.023,/
LHC24al,9967,555124,good,beam splash at 08:20,509.3,0.023,/
LHC24al,9969,555150,good,,502.7,0.023,/
LHC24al,9969,555152,good,,500.2,0.022,/
LHC24al,9969,555156,good,,509.2,0.023,/
LHC24al,9969,555160,good,,508.2,0.023,/
LHC24al,9969,555166,good,,503.6,0.023,/
LHC24al,9969,555172,good,,513.7,0.023,/
LHC24al,9970,555187,good,14-20 chips in error,507.1,0.023,/
LHC24al,9971,555202,good,,508.6,0.023,/
LHC24al,9971,555208,good,,508.0,0.023,/
LHC24al,9973,555226,LA MC repro.,18-26 chips in error; beam splash at 04:53,508.0,0.023,/
LHC24al,9973,555232,good,,508.8,0.023,/
LHC24al,9974,555254,good,22:40-41: burst of corrupted data from H1D3F0Z2,509.6,0.023,/
LHC24al,9974,555259,good,,507.6,0.023,/
LHC24al,9974,555267,good,,510.1,0.023,/
LHC24al,9974,555270,good,,502.8,0.023,/
LHC24al,9978,555308,good,,507.6,0.023,/
LHC24am,9982,555344,LA MC repro.,31-33 chips in error,512.6,0.023,/
LHC24am,9982,555345,good,12:08:57-12:11:22: burst of corrupted data from H1D0F0Z0,507.8,0.023,/
LHC24am,9983,555370,good,16:42:03: ConsumerFMQ : error 1088 on FLP 182; 183; 186,505.3,0.023,/
LHC24am,9983,555374,good,,507.3,0.023,/
LHC24am,9984,555398,good,,501.3,0.022,/
LHC24am,9984,555401,good,,508.4,0.023,/
LHC24am,9984,555408,good,10:51:38: orbit mismatch on seven zones due to bad clock phase,512.2,0.023,/
LHC24am,9984,555411,good,,509.6,0.023,/
LHC24am,9986,555431,good,large beam splash at 20:00:42 - 773 chips in error,504.5,0.023,/
LHC24am,9986,555435,good,22:43 until EOR: inconsistent number of ROF per TF on FLP182 and all EPNs,506.4,0.023,/
LHC24am,9986,555443,good,,507.4,0.023,/
LHC24am,9986,555451,good,,508.6,0.023,/
LHC24am,9987,555476,good,13:48:07 until EOR: burst of corrupted data from H0D4F1Z0,506.5,0.023,/
LHC24am,9987,555478,good,,513.2,0.023,/
LHC24am,9987,555482,good,01:21 until EOR: inconsistent number of ROF per TF on FLP182 and all EPNs,507.0,0.023,/
LHC24am,9988,555504,good,14:47:03: TfBuilder errors,510.9,0.023,/
LHC24am,9989,555540,good,,507.6,0.023,/
LHC24am,9989,555543,good,00:15:05: corrupted data from H0D2F1Z1; one ladder stops sending data,503.2,0.023,/
LHC24am,9989,555546,good,empty ladder from H0D2F1Z1,507.0,0.023,/
LHC24am,9992,555575,good,19-20 chips in error; empty ladder from H0D2F1Z1,498.1,0.022,/
LHC24am,9994,555591,LA MC repro.,20-25 chips in error; empty ladder from H0D2F1Z1,506.7,0.023,/
LHC24am,9994,555596,good,,"504,9",0.023,/
LHC24am,9995,555612,good,,506.8,0.023,/
LHC24am,9996,555649,good,,493.4,0.022,/
LHC24am,9996,555651,good,07:44-46: inconsistent number of ROF per TF; full H0D3F1Z0 in error,508.5,0.023,/
LHC24am,10000,555676,good,,510.5,0.023,/
LHC24am,10001,555693,good,,497.5,0.022,/
LHC24am,10001,555695,good,11-23 chips in error,505.7,0.023,/
LHC24am,10001,555705,good,,510.7,0.023,/
LHC24am,10001,555707,good,,510.2,0.023,/
LHC24am,10002,555722,good,,498.8,0.022,/
LHC24am,10002,555723,good,,504.9,0.023,/
LHC24am,10004,555740,good,,496.9,0.022,/
LHC24am,10004,555742,good,,508.5,0.023,/
LHC24am,10005,555759,good,,504.8,0.023,/
LHC24am,10005,555761,good,,507.3,0.023,/
LHC24am,10005,555763,good,,509.4,0.023,/
LHC24am,10006,555789,good,15-19 chips in error; from 16:51: rejected TFs; MCH cluster finder using 100 percent CPU,511.3,0.023,/
LHC24am,10006,555790,good,15-21 chips in error; beam splashes at 17:06 and 17:45,506.2,0.023,/
LHC24am,10006,555798,time-dep,LA; MC repro. from 01:52: full H1D1F0Z2 in error and then lost,510.2,0.023,/
LHC24am,10006,555801,good,,507.6,0.023,/
LHC24am,10010,555850,good,,509.6,0.023,/
LHC24am,10010,555853,good,from 03:27:07: rejected TFs; large backpressure due to its-stf-decoder,512.1,0.023,/
LHC24am,10010,555860,good,,507.7,0.023,/
LHC24am,10012,555881,good,,502.6,0.023,/
LHC24am,10012,555883,good,,509.3,0.023,/
LHC24am,10013,555900,good,,500.3,0.022,/
LHC24am,10014,555917,LA MC repro.,15-26 chips in error,504.9,0.023,/
LHC24am,10016,555933,good,11-21 chips in error; corrupted data from H1D4F1Z1 at 07:51:16,510.1,0.023,/
LHC24am,10017,555958,good,BAD from 19:27:12: corrupt RDH from H0D0F1Z3,500.4,0.022,/
LHC24am,10017,555960,good,,505.3,0.023,/
LHC24am,10017,555965,good,,499.8,0.022,/
LHC24am,10017,555967,good,,507.3,0.023,/
LHC24am,10017,555976,good,Crash of the cluster task 4 min before EOR on epn249 (all detectors),498.5,0.022,/
LHC24an,10049,556152,good,Some errors for QC in FLP ILG during the first minute but QC OK,507.3,0.024,/
LHC24an,10049,556160,good,,507.1,0.024,/
LHC24an,10049,556164,good,,507.0,0.024,/
LHC24an,10050,556182,good,,508.1,0.023,/
LHC24an,10052,556210,good,,508.3,0.023,/
LHC24an,10052,556218,good,beam splash at 11:49,507.4,0.023,/
LHC24an,10056,556237,good,3 chips of a same ladder in error from 19h40 (h0-d1-f0-z1-tr15;16;17),507.4,0.028,/
LHC24an,10056,556248,good,One ladder (h0-d1-f0-z1-tr15;16;17) empty (since the previous run); occupancy medium for digit and cluster,508.3,0.028,/
LHC24an,10059,556269,good,,499.6,0.022,/
LHC24an,10061,556284,good,,508.4,0.028,/
LHC24an,10066,556370,good,,510.3,0.023,/
LHC24an,10066,556372,good,,507.8,0.023,/
LHC24an,10069,556412,good,,508.4,0.023,/
LHC24an,10070,556437,good,Chip 221 and 227 with no data; missing in the readout task; TD dead map OK,510.5,0.023,/
LHC24an,10072,556454,good,Chip 221 and 227 with no data; missing in the readout task; TD dead map OK,509.8,0.023,/
LHC24an,10072,556461,good,Chip 221 and 227 with no data; missing in the readout task; TD dead map OK,511.8,0.023,/
LHC24an,10073,556482,good,,516.5,0.023,/
LHC24an,10073,556485,good,,513.4,0.023,/
LHC24an,10073,556491,good,Corrupted data from H1D2F1Z3; mft-stf-decoder crashed on 4 EPN ,509.2,0.023,/
LHC24an,10073,556497,good,,506.9,0.023,/
LHC24an,10074,556517,good,,507.7,0.023,/
LHC24an,10075,556542,good,,507.3,0.023,/
LHC24an,10077,556562,good,Corrupted data from H0D4F1Z2 during the run 556562; mft-stf-decoder crashed on 2 EPN,506.9,0.023,/
LHC24an,10082,556639,time-dep,Bad from 12:27:51 due to corrupted data  from H0D0F0Z0 and H0D1F0Z1,498.6,0.022,/
LHC24an,10082,556640,not part,,,,/
LHC24an,10082,556641,good,one ladder of H0D4F0Z1 stopped sending data during the run,511.1,0.023,/
LHC24an,10084,556662,good,,514.1,0.023,/
LHC24an,10084,556664,good,,511.4,0.023,/
LHC24an,10084,556680,good,large beam splash at 15:01 - 457 chips in error,509.7,0.023,/
LHC24an,10086,556716,good,,512.5,0.023,/
LHC24an,10087,556734,good,one two-chip ladder of H0D0F1 empty,511.1,0.023,/
LHC24an,10087,556741,good,,508.7,0.023,/
LHC24an,10090,556767,good,,511.3,0.023,/
LHC24an,10091,556816,good,,507.3,0.023,/
LHC24an,10092,556834,good,,508.5,0.023,/
LHC24an,10093,556872,good,,504.3,0.023,/
LHC24an,10094,556889,good,,505.8,0.023,/
LHC24an,10095,556907,good,,512.1,0.023,/
LHC24an,10095,556909,good,one two-chip ladder of H1D0F0 empty until 09:00 and from 09:27,512.2,0.023,/
LHC24an,10095,556913,good,,509.8,0.023,/
LHC24an,10095,556923,good,,510.6,0.023,/
LHC24an,10096,556939,good,Data corruption from H0D2F1Z1 during 556939. Run stop was requested and the zone power-cycled; from 00:40:32: inconsistent orbit on H0D2F1Z1; 03:11: failed to open rawdump,508.6,0.023,/
LHC24an,10097,556954,good,05:57:08: failed to open rawdump...,511.0,0.023,/
LHC24an,10097,556958,good,beam splash at 16:21,506.8,0.023,/
LHC24an,10098,556979,not part,,511.6,0.023,/
LHC24an,10098,556981,good,,508.8,0.023,/
LHC24an,10099,556997,good,08:29:25: TfBuilder errors; ALICE dipole trip before EOR,513.1,0.023,/
LHC24an,10100,557012,good,,511.8,0.023,/
LHC24an,10100,557019,good,,504.1,0.023,/
LHC24an,10100,557021,good,,507.9,0.023,/
LHC24an,10100,557026,good,,506.6,0.023,/
LHC24an,10104,557074,good,,511.6,0.023,/
LHC24an,10105,557104,good,run stopped to reset clock phase (>100 ps),508.9,0.023,/
LHC24an,10105,557112,good,5 chips in error in D1: chips 90; 92 (h0d1f0z1) and chips 557; 558; 560 (h1d1f0z1),507.6,0.023,/
LHC24an,10105,557118,good,5 chips in error in D1: chips 90; 92 (h0d1f0z1) and chips 557; 558; 560 ((h1d1f0z1)),514.2,0.023,/
LHC24an,10105,557119,good,same during half of the run. Quality medium from 13:45 to 14:25 due to one 2-chip ladder in error (Chip 471:h1-d0-f0-z3-tr1 + chip 470 dead),511.6,0.023,/
LHC24an,10107,557138,good,run stopped by dipole trip,509.0,0.023,/
LHC24an,10107,557149,good,,511.1,0.023,/
LHC24an,10112,557226,good,,506.0,0.023,/
LHC24an,10112,557233,good,05:15:47 corrupted data from H0D4F0Z2 during 2s,507.5,0.023,/
LHC24an,10115,557251,good,,506.9,0.023,/
LHC24an,10115,557271,good,,507.6,0.023,/
LHC24an,10116,557291,LA MC repro.,03.25:50 All 18 chips H0D4F1Z2 in error; 11 recovered; 7 still in error until the end of the run = one full ladder + 3 out of 4 of another one. Chips 400 to 406. Run stopped by MFT for full power-cycle.,508.5,0.023,/
LHC24an,10116,557299,LA MC repro.,Beam splash (09:23:25 - 09:24:00) - 10:43:36 All the 8 chips of H0D2F0Z0 in error; only 3 recovered; 5 persist in error until the end of the run,508.5,0.023,/
LHC24an,10117,557321,good,,503.6,0.023,/
LHC24an,10118,557336,good,,513.1,0.023,/
LHC24an,10118,557339,good,,508.1,0.023,/
LHC24an,10118,557350,good,,508.7,0.022,/
LHC24an,10119,557374,good,from 12:28:36: non-contiguous TF ID; inconsistent number of ROF per TF on FLP182,492.7,0.022,/
LHC24an,10122,557415,good,,511.8,0.023,/
LHC24an,10122,557425,good,,507.5,0.023,/
LHC24an,10123,557444,good,,454.7,0.020,/
LHC24an,10125,557481,good,,,,/
LHC24an,10125,557482,good,,508.2,0.023,/
LHC24an,10126,557509,good,,514.6,0.023,/
LHC24an,10126,557531,good,,508.3,0.023,/
LHC24an,10127,557547,good,beam splash at 06:25,509.6,0.023,/
LHC24an,10130,557613,good,,506.3,0.023,/
LHC24an,10132,557659,good,,508.2,0.023,/
LHC24an,10134,557681,good,,511.5,0.023,/
LHC24an,10134,557691,good,,508.6,0.023,/
LHC24an,10137,557717,good,,510.9,0.023,/
LHC24an,10137,557723,good,,503.9,0.023,/
LHC24an,10137,557726,good,,507.9,0.023,/
LHC24an,10138,557744,good,,511.4,0.023,/
LHC24an,10138,557749,good,,514.1,0.023,/
LHC24an,10139,557862,good,,507.1,0.023,/
LHC24an,10141,557876,good,,500.7,0.022,/
LHC24an,10142,557897,good,,513.4,0.023,/
LHC24an,10143,557913,good,,457.6,0.021,/
LHC24an,10144,557926,good,,510.6,0.023,/
LHC24ao,10189,558122,good,MFT full power cycled due to too many unrecoverable chips during; >24 chips in error,"517,0",24.000,/
LHC24ao,10189,558124,good,,506.9,0.024,/
LHC24ao,10189,558126,good,09:36-10:00: one empty ladder on H1D1F0Z1,507.8,0.024,/
LHC24ao,10190,558150,good,,518.1,0.024,/
LHC24ao,10190,558153,good,from 22:04: corrupted data on H0D2F0Z0 (some of these chips in warning),518.3,0.024,/
LHC24ao,10190,558155,good,corrupted data on H0D2F0Z0 during the whole run (chips often in warning); 23:59-00:38: empty 2-chip ladder on H0D0F1Z3; 00:41-EOR: no data from a 4-chip ladder on H0D2F0Z3 (no error),506.5,0.024,/
LHC24ao,10197,558179,not part,,,,/
LHC24ao,10197,558182,good,less than 10 chips in error for 9h20min (from 20:04) ,509.6,0.023,/
LHC24ao,10199,558215,good,,505,0.0226,/
LHC24ao,10199,558217,good,,508.9,0.023,/
LHC24ao,10199,558221,good,,506.5,0.023,/
LHC24ao,10200,558244,good,"""10:17:58: TF Builder error""",504.1,0.023,/
LHC24ao,10200,558247,good,"beam splashes at 13:23; 17:26; 20:34",507.8,0.023,/
LHC24ao,10201,558273,good,,513.5,0.023,/
LHC24ao,10201,558275,good,,508.2,0.023,/
LHC24ao,10201,558284,good,,522.6,0.023,/
LHC24ao,10201,558288,not part,,,,/
LHC24ao,10201,558291,good,,504.7,0.023,/
LHC24ao,10204,558327,good,Specific setting for TPC,509.9,0.030,/
LHC24ao,10204,558329,good,Specific setting for TPC,513.2,0.030,/
LHC24ao,10204,558330,good,,,,/
LHC24ao,10206,558354,good,,511.6,0.030,/
LHC24ao,10207,558369,good,,510.8,0.030,/
LHC24ao,10208,558383,good,,506.9,0.031,/
LHC24ao,10208,558387,time-dep,BAD from 01:30: H1D3F0 empty due to CRU dropped packets - inconsistent orbit on Z3,519.0,0.031,/
LHC24ao,10208,558390,good,,509.9,0.030,/
LHC24ao,10209,558406,time-dep,BAD from 10:38:53: corrupted data on H1D3F1Z0; MFT crashed the run,513.2,0.030,/
LHC24ao,10209,558409,not part,,,,/
LHC24ao,10209,558410,good,,492.9,0.029,/
LHC24ao,10210,558422,good,,508.8,0.030,/
LHC24ao,10210,558433,good,,507.1,0.030,/
LHC24ao,10210,558437,good,,483.0,0.029,/
LHC24ao,10211,558449,good,,509.5,0.030,/
LHC24ao,10213,558482,good,20:29:51: TfBuilder error - non-existing STF,510.2,0.030,/
LHC24ao,10215,558535,good,,497.2,0.030,/
LHC24ao,10216,558551,good,Inconsistent number of ROF per TF from 20:57:50 until EOR; without any equipment-specific message,513.7,0.031,/
LHC24ao,10218,558602,good,,500.2,0.030,/
LHC24ao,10218,558604,good,14 chips in E,510.2,0.030,/
LHC24ao,10218,558606,time-dep,LA; MC repro from 11:31 H0D4F1Z1 (17 chips; 1 full ladder 416-419 + 3 adjacent chips 458-460 remain in E). Run stopped for MFT power cycle,506.1,0.030,/
LHC24ao,10218,558615,good,,486.6,0.029,/
LHC24ao,10219,558627,time-dep,LA; MC repro from 19:12 H0D0F1Z1 in E (9 chips; 6 chips remain in E: 54-59); Run stopped for MFT power cycle,514.9,0.031,/
LHC24ao,10219,558633,good,corrupted data from 03:42 on H1D0F1Z1 until the EOR (no crash),508.1,0.030,/
LHC24ao,10222,558656,good,,512.8,0.030,/
LHC24ao,10223,558676,good,,511.0,0.023,/
LHC24ao,10223,558685,good,13 chips in E; dip in track phi -3 to -2.3,502.0,0.023,/
LHC24ao,10225,558726,good,Chips in E not lower than 10,512.0,0.023,/
LHC24ao,10226,558744,good,Chips in E not lower than 10,508.0,0.023,/
LHC24ao,10226,558750,good,14 chips in E,503.0,0.023,/
LHC24ao,10226,558752,good,14 chips in E,512.0,0.023,/
LHC24ao,10226,558757,LA MC repro.,18:22 corrupted data H1D4F1Z0 or H1D4F1Z1; zones possibly inverted? -> No hints in AQC,509.0,0.023,/
LHC24ao,10230,558783,time-dep,01:31 splash - LA; MC repro from 02:25 H0D3F1Z3 in E (13 chips; 6 chips remain in E: 288-290; 235-237),511.0,0.023,/
LHC24ao,10232,558801,good,,512.0,0.023,/
LHC24ap,10304,559348,good,,350.0,0.030,/
LHC24ap,10305,559361,good,,790.0,0.030,/
LHC24ap,10305,559362,good,,800.0,0.030,/
LHC24ap,10307,559385,good,,800.0,0.030,/
LHC24ap,10307,559387,good,,800.0,0.030,/
LHC24aq,10309,559408,good,1 Orbit inconsistency error at the beginning,800.0,0.030,/
LHC24aq,10309,559409,good,,800.0,0.030,/
LHC24aq,10309,559410,good,,800.0,0.030,/
LHC24aq,10310,559423,good,Orbit Inconsistency,800.0,0.030,/
LHC24aq,10311,559437,good,Ladder H1D3F0Z3-L12 stopped to send data around 14h50; recovered,800.0,0.030,/
LHC24aq,10311,559443,good,H1D0F0Z0-L2 full ladder not sending data + beam splash,800.0,0.030,/
LHC24aq,10311,559444,good,H1D0F0Z0-L2 full ladder not sending data,800.0,0.030,/
LHC24aq,10312,559456,good,,800.0,0.030,/
LHC24ar,10329,559544,good,not for physics,1.5,,/
LHC24ar,10329,559545,good,not for physics,1.4,,/
LHC24ar,10330,559561,good,,7.7,,/
LHC24ar,10331,559574,good,from 19:59: empty ladder on H0D1F0 (chips 90-91-92),8.0,,/
LHC24ar,10331,559575,good,20:27 - 3 chips ladder h0d1f0z1 in error (chips went in error not at the same time) - recovered,5.5,,/
LHC24ar,10333,559595,good,,7.3,,/
LHC24ar,10333,559596,good,from 04:02: empty two-chip ladder on H1D0F0Z3 (chip 471),5.2,,/
LHC24ar,10334,559613,good,P2 levelled at 1.8 kHz since 09:04 (hIR decreased to 9 kHz before that),9.7,,/
LHC24ar,10334,559614,good,P2 levelled at 1.8 kHz,1.9,,/
LHC24ar,10334,559615,good,P2 levelled at 1.8 kHz,1.7,,/
LHC24ar,10334,559616,good,P2 levelled at 1.8 kHz until 10:13 (hIR increased to 8 kHz after that),3.4,,/
LHC24ar,10334,559617,good,empty two-chip ladder on H1D0F0Z3 (chip 471),7.5,,/
LHC24ar,10335,559631,good,,15.0,,/
LHC24ar,10335,559632,good,,7.1,,/
LHC24ar,10338,559679,good,08:35-08:56: empty two-chip ladder on H1D0F0 (chip 471),1.9,,/
LHC24ar,10338,559680,good,,1.9,,/
LHC24ar,10338,559681,good,P2 back to head-on around 13:53 (hIR increased to 7 kHz after that),1.9,,/
LHC24ar,10341,559713,good,from 23:44: empty two-chip ladder on H1D0F0Z3 (chip 471),2.4,,/
LHC24ar,10342,559731,good,from 06:59: corrupted data on H0D2F0Z0; 07:02-08:28: empty ladder due to 471,15.0,,/
LHC24ar,10343,559749,good,P2 back to head-on at 17:56; hIR increased to 7 kHz after that,2.4,,/
LHC24ar,10344,559762,good,,18.5,,/
LHC24ar,10345,559781,good,from 03:06: empty ladder due to 471,35.4,,/
LHC24ar,10345,559782,good,from 05:18: empty ladder on H1D2F1Z2 (chips 635-636-637),20.9,,/
LHC24ar,10345,559783,time-dep,wrong orbit on H0D0F1Z3; SOR-07:39: GOOD; then BAD | one empty ladder on H1D2F1Z2,13.0,,/
LHC24ar,10345,559784,good,one empty ladder on H1D2F1Z2; one on H0D3F1Z1 (chips were not in error),11.0,,/
LHC24ar,10346,559802,good,one empty ladder on H1D2F1Z2; one on H0D3F1Z1 (chips were not in error); another due to 471,37.0,,/
LHC24ar,10346,559803,good,13:36-13:49; 14:25-14:36; 14:57-EOR: empty ladder due to 471,24.0,,/
LHC24ar,10346,559804,good,15:21-15:32: empty ladder due to 471,18.5,,/
LHC24ar,10348,559827,good,,27.0,,/
LHC24ar,10348,559828,good,h1d2f0z0 fully in error from 01:25; partially recovered; 2 ladders remain in error (chips 600- 601- 608- 609- 610),19.0,,/
LHC24ar,10348,559830,good,h1d2f0z0 2 ladders in error (chips 600- 601- 608- 609-610),14.8,,/
LHC24ar,10349,559843,good,,41.0,,/
LHC24ar,10350,559856,good,empty two-chip ladders: 10:22-10:35 due to chip 90; 11:02-11:06 chip 471,36.0,,/
LHC24ar,10355,559899,good,NOT IN THE LIST ANYMORE,42.0,,/
LHC24ar,10355,559901,good,two empty ladders most of the time: 471 + 3 chips on H1D1F0Z1: 558;559;560,26.0,,/
LHC24ar,10355,559902,good,SOR-02:59; 03:12-EOR: empty ladder on H1D1F0Z1: 558;559;560,16.0,,/
LHC24ar,10355,559903,good,empty ladder on H1D1F0Z1: 558-559-560 until 2 minutes before EOR,12.0,,/
LHC24ar,10356,559917,good,,46.4,,/
LHC24ar,10356,559919,good,sometimes empty two-chip ladders: chips 471-9 (10:13-10:35: chip 471; forced reco 11/2 > 3/1),25.5,,/
LHC24ar,10356,559920,good,until 12:59: empty two-chip ladder due to 9,13.9,,/
LHC24ar,10358,559933,good,P2 levelled at until 18:52; sometimes empty ladders due to 471 and 558-559-560,46.9,,/
LHC24ar,10361,559966,good,P2 levelled until 21:03; 21:26-EOR: empty two-chip ladder due to 9,38.5,,/
LHC24ar,10361,559968,good,until 22:43: empty two-chip ladder due to 9,27.7,,/
LHC24ar,10361,559969,good,SOR-23:26: chip 471 in E; 23:48-23:43: chip 9,23.5,,/
LHC24ar,10361,559970,good,from 00:10: chip 471 empty,20.9,,/
LHC24ar,10362,559987,good,P2 levelled until 03:58; chip 471 in E most of the time,37.0,,/
LHC24ar,10374,560012,good,P2 levelled until 03:20; from 04:41: one and half empty ladders on H1D3F0Z0 (chips in fault); from 04:32: inconsistent ROF/TF on FLP182,12.3,,/
LHC24ar,10375,560031,time-dep,P2 levelled; from 13:22: chip 471 in error; BAD from 13:45:30 (last 8 seconds): data corruption on H0D1F1; run crashed,47.9,,/
LHC24ar,10375,560033,good,14:33-14:56: chip 471 in error,37.9,,/
LHC24ar,10375,560034,good,18:56-19:01: P2 emittance scan (luminosity unstable); 17:10-17:25: chip 471 in error,19.5,,/
LHC24ar,10376,560049,good,P2 levelled,46.0,,/
LHC24ar,10377,560066,good,P2 levelled; chips 9 and 471 sometimes in error,47.9,,/
LHC24ar,10377,560067,good,chip 471 in error most of the time,24.1,,/
LHC24ar,10377,560070,good,,14.3,,/
LHC24ar,10378,560089,good,P2 levelled until 03:19; chip 471 often in error,33.6,,/
LHC24ar,10378,560090,good,,15.2,,/
LHC24ar,10379,560105,good,P2 levelled until 22:28; from 22:07: ladder H0D2F0Z2L8 in error so LA MC repro; STF size on FLP184 increased,45.7,,/
LHC24ar,10379,560106,good,chip 471 often in error; from 03:14: empty ladder due to 558-559-560 in error,20.2,,/
LHC24ar,10380,560123,good,lower number of colliding bunches than in the filling scheme due to SPS issues; from 07:29: 471 in error,32.5,,/
LHC24ar,10380,560127,good,lower number of colliding bunches than in the filling scheme due to SPS issues; 471 often in error,17.9,,/
LHC24ar,10381,560141,good,P2 levelled until 15:38; from 15:44: corrupted data from H0D2F1Z0,45.9,,/
LHC24ar,10381,560142,good,,32.1,,/
LHC24ar,10382,560162,good,,42.5,,/
LHC24ar,10382,560163,good,,28.5,,/
LHC24ar,10382,560164,good,,20.6,,/
LHC24ar,10382,560168,good,,15.8,,/
LHC24ar,10382,560169,good,,13.4,,/
LHC24ar,10383,560184,good,,41.9,,/
LHC24as,10387,560223,not part,,,,/
LHC24as,10387,560229,good,08:00:36: in-run power-cycle of H0D3F0Z2,14.2,,/
LHC24as,10388,560243,good,from 11:18:53: corruption on H0D2F0Z2; in-run power-cycle at 11:43; from 12:22:40: corruption on H0D0F1Z2; in-run power-cycle at 12:31:00,47.3,,/
LHC24as,10388,560244,good,,28.8,,/
LHC24as,10391,560262,good,,46.9,,/
LHC24as,10392,560277,good,,48.0,,/
LHC24as,10392,560278,good,empty ladder on H0D3F1: chips 300-303,41.0,,/
LHC24as,10392,560279,good,empty ladder on H0D3F1: chips 300-303,26.5,,/
LHC24as,10397,560310,good,03:09:33-EOR: TfBuilder error; non-existings STFs,48.1,,/
LHC24as,10397,560313,good,P2 levelled until 04:25,33.7,,/
LHC24as,10397,560314,good,,16.1,,/
LHC24as,10398,560330,good,P2 levelled,48.7,,/
LHC24as,10398,560331,good,P2 levelled until 18:20,47.7,,/
LHC24as,10398,560332,good,,38.2,,/
LHC24as,10398,560333,good,20:18:41: 1x inconsistent ROF/TF on EPNs,27.4,,/
LHC24as,10398,560334,good,,19.5,,/
LHC24as,10400,560352,good,P2 levelled,47.7,,/
LHC24as,10400,560354,good,empty ladder on H0D4F0: chips 433-437,32.9,,/
LHC24as,10400,560355,good,empty ladder on H0D4F0: chips 433-437,22.1,,/
LHC24as,10401,560371,good,P2 levelled; from 14:18:05: corruption on H0D4F0Z3; in-run power-cycle at 14:27,47.8,,/
LHC24as,10401,560373,good,inconsistent ROF/TF on FLP186,37.3,,/
LHC24as,10401,560374,good,inconsistent ROF/TF on FLP186,31.0,,/
LHC24as,10404,560397,time-dep,BAD from 03:45:38 (last 4 seconds): corruption on H1D3F1Z0; run crashed,39.7,,/
LHC24as,10404,560399,bad,wrong orbit on H1D1F0Z3 from SOR; CRU dropped packets,38.8,,/
LHC24as,10404,560401,not part,MFT excluded to recover from the previous issue,34.1,,/
LHC24as,10404,560402,good,,27.5,,/
LHC25aa,10491,562260,good,displaced vertex,,,/
LHC25aa,10491,562262,good,BAD from 10:39; issues with FRED; displaced vertex,,,/
LHC25aa,10491,562266,not part,,,,/
LHC25aa,10491,562272,good,displaced vertex,,,/
LHC25aa,10491,562273,good,displaced vertex,,,/
LHC25aa,10530,562378,good,displaced vertex ,,,/
LHC25ab,10589,562669,good,NOT FOR PHYSICS,,,/
LHC25ab,10589,562671,good,NOT FOR PHYSICS; color run for ITS thus MFT shouldnt have been included; MFT bad from 14:58:51,,,/
LHC25ab,10590,562697,good,NOT FOR PHYSICS,,,/
LHC25ab,10590,562701,good,NOT FOR PHYSICS; no more displaced vertex from this run (or 5th of may),,,/
LHC25ab,10591,562712,good,NOT FOR PHYSICS,,,/
LHC25ab,10606,562805,good,NOT FOR PHYSICS,,,/
LHC25ab,10616,562886,good,NOT FOR PHYSICS,,,/
LHC25ab,10616,562888,good,NOT FOR PHYSICS,,,/
LHC25ab,10623,562931,good,NOT FOR PHYSICS,,,/
LHC25ab,10623,562932,good,NOT FOR PHYSICS,,,/
LHC25ab,10628,562952,good,NOT FOR PHYSICS,,,/
LHC25ab,10628,562953,good,NOT FOR PHYSICS,,,/
LHC25ab,10628,562954,good,NOT FOR PHYSICS,,,/
LHC25ab,10628,562955,good,NOT FOR PHYSICS,,,/
LHC25ab,10629,562965,good,NOT FOR PHYSICS,,,/
LHC25ab,10629,562966,good,NOT FOR PHYSICS,,,/
LHC25ab,10629,562984,good,NOT FOR PHYSICS,,,/
LHC25ab,10629,562985,good,NOT FOR PHYSICS,,,/
LHC25ab,10629,562986,good,NOT FOR PHYSICS,,,/
LHC25ab,10638,563024,good,NOT FOR PHYSICS,,,/
LHC25ab,10638,563025,good,NOT FOR PHYSICS; 3:31  H1D3F1 tr19;20;21;22 stops to give data as well as tr7,,,/
LHC25ab,10639,563039,good,NOT FOR PHYSICS,,,/
LHC25ab,10639,563040,good,NOT FOR PHYSICS,,,/
LHC25ab,10639,563041,good,NOT FOR PHYSICS,,,/
LHC25ab,10640,563056,good,NOT FOR PHYSICS,,,/
LHC25ab,10640,563058,good,NOT FOR PHYSICS; manytimes medium quality thus CR,,,/
LHC25ab,10644,563089,good,NOT FOR PHYSICS,,,/
LHC25ab,10644,563090,good,NOT FOR PHYSICS,,,/
LHC25ab,10644,563095,good,NOT FOR PHYSICS; 06:52:26,,,/
LHC25ab,10644,563096,good,NOT FOR PHYSICS; 09:13:12 medium quality thus CR and then good; 1st zone power cycle in run,,,/
LHC25ab,10645,563125,good,NOT FOR PHYSICS; MFT was stuck at go ready; DCDC were not on,,,/
LHC25ab,10645,563126,good,NOT FOR PHYSICS; 01:34:20 medium quality thus CR and then good,,,/
LHC25ab,10647,563138,good,NOT FOR PHYSICS,,,/
LHC25ac,10649,563182,good,Medium quality : 20:12:53 to 20:17:53; 20:49; 21:14; 21:48; 23:49; 00:08; 00:52; 01:23,,,/
LHC25ac,10649,563183,good,Beam splash 6:46:20 to 6:46:45; 233 chips in errors,,,/
LHC25ac,10650,563197,good,,,,/
LHC25ac,10653,563263,good,READOUT INTERFACE error for MFT in PHYSICS pp at 15:53; FLP186 and 182; no actions taken online; Medium quality : 16:03,,,/
LHC25ac,10653,563264,good,No more READOUT INTERFACE error; Medium quality : 16:42; Beam Splash : 16:39 small,,,/
LHC25ac,10656,563279,good,H0D0F0Z0 was powercycled 10:15 for chips 12 and 16; restored 12 but 16 back in error; Medium quality : 13:20,,,/
LHC25ac,10659,563291,good,H1D2F0Z1 powercycled 23:10 sucessful recovery of 2 chips; Medium quality : 00:01; 02:29; 03:07,,,/
LHC25ac,10663,563317,good, ,,,/
LHC25ac,10665,563335,good,Medium quality : 23:20; 00:21; Power cycling H1D2F0Z1 00:02; H1D2F0Z0 went into error and then reconfigured,,,/
LHC25ac,10665,563336,good,Medium quality : 01:29; 02:40; 05:01; 07:18 two chips reconf didnt succed to bring back good quality H1D3F1Z1 was powercycled ,,,/
LHC25ac,10666,563348,good,Medium quality : 21:37; 22:00; 22:05; 01:56; 4:50 link cruID error from flp183 and zone H1D3F1Z3 powercycled at 6:37,,,/
LHC25ac,10671,563429,good,Medium quality : 01:40; Powercycle at 01:09 H0D1F0Z3 chip 69 constinuously in error before,,,/
LHC25ac,10671,563430,good,Powercycle zone H1D1F0Z0 at 11:58 PC zone  H1D1F0Z1 and H1D0F0Z1 at 8:07; Beam Splash at 11:12 and at 8:31;  255 chips in error drop in data rate from 8:13:15 to 8:13:45;,,,/
LHC25ac,10672,563442,good,Medium quality : 04:36; ,,,/
LHC25ac,10673,563455,good,Medium quality : 12:23; 12:52; 14:52; Powercycle zone H1D0F0Z3 at 15:58; Mini beam splash at 14:14;  ,,,/
LHC25ac,10674,563467,good,MFT crashed the run : first HB orbit mismatch on flp183 for H0D1F0Z3; Medium quality : 00:35; 01:30; 02:24; 05:36; ,,,/
LHC25ac,10675,563484,time-dep,At 13:13 Zone H0D2F1Z3  was in latchup recovered at 13:34; LA MC repro. during that time; Powercycle of zones H0D1F1Z1 and H0D1F0Z2 at 16:20; Medium quality : 10:59,,,/
LHC25ac,10676,563497,good,EOR failure for MFT; Medium quality : 05:48,,,/
LHC25ac,10677,563509,time-dep,Bad quality : 18:53 Zone H0D2F1Z3 went into latchup; limited acceptance from 18:48 to 18:52; Medium quality : 18:28,,,/
LHC25ac,10678,563523,good,Medium quality : 15:21,,,/
LHC25ac,10683,563554,good,on call : readout rate decreases; maybe background,,,/
LHC25ac,10683,563555,good,on call : readout rate decreases; maybe background; no QC plots from 10:33 to 10:44,,,/
LHC25ac,,563581,good,NOT FOR PHYSICS;SPECIAL BACKGROUND RUN,,,/
LHC25ac,10685,563582,good,Powercycle of zone H1D4F0Z0 at 21:12,,,/
LHC25ac,10685,563583,good,Medium quality : 00:07; 00:19; 07:24,,,/
LHC25ac,10689,563598,good,BAD quality from 01:27 (CRU dropped packets),,,/
LHC25ac,10689,563599,good,,,,/
LHC25ac,10690,563611,good,BAD from 18:30:20 (run not stopped before clock transition); Medium quality : 07:43; 09:56; 10:08; 10:28; 11:21; 12:33; 18:03;,,,/
LHC25ac,10691,563622,good,Medium quality : 23:59,,,/
LHC25ac,10696,563680,good,,,,/
LHC25ac,10697,563692,good,8 powercycles between 11:05 and 11:20,,,/
LHC25ac,10697,563694,good,Ladder 4 of H1D3F1 not sending data from 19:28 to 19:44; Ladder 0 of H0D0F0 not sending data from 19:57 to 20:05,,,/
LHC25ac,10701,563706,good,2 link cruID errors BKE ; Medium quality : 03:06; 03:51; 05:54; 09:00; 12:44,,,/
LHC25ac,10702,563717,good,Link cruID at 18:05 on zone with chip 617 recovered in 2 minutes; Medium quality : 19:56; 21:27; BAD from 21:45 following LHC issues,,,/
LHC25ac,10704,563732,good,Medium quality : 05:05; 06:27; 06:35,,,/
LHC25ac,10704,563734,good,RU monitoring went off at around 6:31 AM until 8:30 AM,,,/
LHC25ac,10705,563748,good,,,,/
LHC25ac,10705,563750,good,,,,/
LHC25ac,10705,563751,good,Medium quality : 16:23,,,/
LHC25ac,10709,563848,time-dep,Missing zone H1D0F0Z2 except 2 chips limited acceptance from 05:01 to 05:29; Limited acceptance missing 2 ladders in H0D3F1Z0 in 11:34 - 11:38,,,/
LHC25ac,10709,563860,good,Medium quality : 11:23,,,/
LHC25ac,10713,563889,good,H1D4F0Z0 we decided to power cycle at 8:10,,,/
LHC25ac,10717,563903,good,FRED errors since 05:46; Medium quality : 02:50; 05:17; 05:24,,,/
LHC25ac,10717,563904,good,Medium quality : 09:28; 11:35; 11:45; 12:11,,,/
LHC25ac,10718,563917,good,Powercycle H0D0F1Z3 around 18:30,,,/
LHC25ac,10718,563918,good,Medium quality : 21:20,,,/
LHC25ac,10718,563919,good,Medium quality : 23:07,,,/
LHC25ac,10721,563946,good,Medium quality : 22:24,,,/
LHC25ac,10721,563948,good,Issues at 4:47; Powercycle of H1D3F0Z2 at 4:55,,,/
LHC25ac,10731,563982,good,Medium quality : 16:46; 00:50; Many powercycles from 15:12 to 15:23; 3 powercycles around 23:38 ,,,/
LHC25ac,10732,563995,good,Medim quality : 10:56,,,/
LHC25ac,10732,563996,good,Many powercycles around 12:05; Medium quality : 12:31; 13:05; 15:19; 16:54; 20:59; ,,,/
LHC25ac,10732,563997,good,,,,/
LHC25ac,10732,563998,good,Medium quality : 01:06,,,/
LHC25ac,10732,563999,good,Beam splash at 03:44,,,/
LHC25ad,10779,564250,good,shift in vertex position,,,/
LHC25ad,10779,564251,good,Powercycle differents zone from 08:55 to 09:02,,,/
LHC25ad,10782,564271,time-dep,Link cruID error; 18:08 PC H0D4F1Z3; 2 full ladders in error from 22:00 to 22:05; LA MC repro. during these 5 mins,,,/
LHC25ad,10782,564272,good,Medium quality at 02:12,,,/
LHC25ad,10782,564275,good,Few powercycles between 07:09 to 07:14,,,/
LHC25ad,10785,564297,good,Few powercycles between 20:48 to 21:04,,,/
LHC25ae,10802,564356,good,H0D1F1Z3 unrecoverable since SOR; PC at 04:40 and PC H0D1F0Z2 at 04:46,,,/
LHC25ae,10802,564359,good,,,,/
LHC25ae,10803,564373,good,,,,/
LHC25ae,10803,564374,good,,,,/
LHC25ae,10804,564387,good,,,,/
LHC25ae,10805,564400,good,Run with shifting vertex over time; Medium quality triggered at 06:02,,,/
LHC25ae,10806,564414,good,,,,/
LHC25ae,10807,564430,good,Inconsistent nb of ROFs at 04:13; check it,,,/
LHC25ae,10808,564445,good,,,,/
LHC25af,10813,564468,good,19:18  H0D2F0Z3 powercycled,,,/
LHC25af,10813,564472,good,Medium quality : 00:32,,,/
LHC25ag,10821,564526,good,VdM scan,,,/
LHC25ag,10821,564527,good,FLP errors solved by PC of H0D4F1Z3 at 23:30,,,/
LHC25ag,10824,564540,good,VdM scan,,,/
LHC25ag,10824,564541,good,,,,/
LHC25ag,10824,564545,good,VdM scan,,,/
LHC25ag,10824,564546,good,VdM scan,,,/
LHC25ag,10825,564560,good,,,,/
LHC25ag,10826,564575,good,,,,/
LHC25ag,10827,564586,good,,,,/
LHC25ah,10843,564618,NOT FOR PHYSICS,,,,/
LHC25ah,10845,564631,NOT FOR PHYSICS,,,,/
LHC25ah,10848,564644,NOT FOR PHYSICS,,,,/
LHC25ah,10850,564661,NOT FOR PHYSICS,power cycle zone H1D2F0Z1 at 00:20,,,/
LHC25ah,10850,564662,NOT FOR PHYSICS,,,,/
LHC25ah,10850,564663,NOT FOR PHYSICS,,,,/
LHC25ah,10852,564675,NOT FOR PHYSICS,At 11:57; CRU link 8; LA MC repro from 11:57 to 12:04,,,/
LHC25ah,10852,564676,NOT FOR PHYSICS,,,,/
LHC25ah,10852,564693,NOT FOR PHYSICS,,,,/
LHC25ah,10854,564704,good,Powercycle H1D2F0Z1 at 01:13; beam splash at 02:41; Medium quality : 01:58,,,/
LHC25ah,10855,564716,good,Medium quality : 05:10; 09:43; 10:08,,,/
LHC25ah,10855,564717,good,,,,/
LHC25ah,10857,564734,good,Medium quality : 23:04 ; beam splash at 20:50,,,/
LHC25ah,10857,564735,good,Medium quality : 02:45 ,,,/
LHC25ah,10859,564746,good,Medium quality : 14:47; 15:32; 16:39; ,,,/
LHC25ah,10859,564747,good,Medium quality : 18:26; 20:20,,,/
LHC25ah,10862,564762,good,Medium quality : 04:29; 06:41; 09:10; 09:23; 13:38,,,/
LHC25ah,10862,564763,good,,,,/
LHC25ah,10865,564775,good,,,,/
LHC25ah,10866,564788,good,Medium quality : 08:25; link ID error which crashed the run,,,/
LHC25ah,10866,564789,good,,,,/
LHC25ah,10868,564797,good,Medium quality : 21:46; 01:28; 05:26; 05:48; 09:09; PC of H0D0F1Z3 and H1D0F1Z3 at 22:30; Links 69 and for DE 301 reconfigured at 23:27,,,/
LHC25ah,10871,564848,good,Link cruID at 04:56; no zone indicated so full MFT PC after EOR; beam splash around 01:34,,,/
LHC25ah,10871,564849,good,,,,/
LHC25ah,10874,564877,good,Medium quality : 15:27; 16:07; 16:23; 18:04; 20:01; 23:38,,,/
LHC25ah,10875,564889,good,beam splash at 08:46 PC of H1D0F0Z3 at 10:29; Medium quality : 05:49; 08:35; 10:59; 13:57; 14:52; 15:14; 16:42,,,/
LHC25ah,10876,564900,good,,,,/
LHC25ah,10878,564913,BAD,433 chips in error since SOR; stopped run for full MFT PC,,,/
LHC25ah,10878,564915,not participating,,,,/
LHC25ah,10878,564918,good,PC of H1D0F0Z3 at 10:03; Medium quality : 09:40; 09:45; 09:56; ,,,/
LHC25ah,10883,564953,good,Medium quality : 19:19; 20:10,,,/
LHC25ah,10884,564965,good,Medium quality : 00:11; 05:09,,,/
LHC25ah,10886,564987,good,,,,/
LHC25ah,10887,565007,good,,,,/
LHC25ah,10895,565030,good,,,,/